motion_rule,sample,modality,n,reliability_m,reliability_sd,confusability_m,confusability_sd,distinctiveness_m,distinctiveness_sd
FD 0.5 mm / 20% (liberal),"Young adults, Wave 1",Auditory,60,0.7335968008721523,0.15440805941309246,0.39617112213868755,0.24391989266961392,0.3374256787334647,0.18289549472004468
FD 0.5 mm / 20% (liberal),"Young adults, Wave 1",Motor,60,0.7400151538625864,0.2274029465915817,-0.6100572362903229,0.24922883533254203,1.3500723901529093,0.4600837846376839
FD 0.5 mm / 20% (liberal),"Young adults, Wave 1",Visual,59,0.6954626919946096,0.1797408297601684,-0.1162200362069267,0.23932346085552642,0.8116827282015368,0.2987003853957652
FD 0.5 mm / 20% (liberal),"Older adults, Wave 1",Auditory,162,0.5158294362879025,0.2169482503700092,0.25386034442435623,0.23663991969782025,0.2619690918635463,0.15108935082305544
FD 0.5 mm / 20% (liberal),"Older adults, Wave 1",Motor,162,0.6712928702061401,0.1821083097627998,-0.5187995108093144,0.20099468075169657,1.1900923810154544,0.3604434566812833
FD 0.5 mm / 20% (liberal),"Older adults, Wave 1",Visual,162,0.5385448385614712,0.1897369968141212,-0.08269547006866693,0.21826860671734713,0.6212403086301381,0.2800197618439541
FD 0.5 mm / 20% (liberal),"Older adults, Wave 2 (returners)",Auditory,60,0.5291365636667263,0.19239889141985236,0.23921850761857102,0.19646309867003645,0.2899180560481554,0.1427350652836035
FD 0.5 mm / 20% (liberal),"Older adults, Wave 2 (returners)",Motor,58,0.6438819213731424,0.2012044639452889,-0.49915288469044494,0.23912592754638531,1.1430348060635869,0.42122392190812213
FD 0.5 mm / 20% (liberal),"Older adults, Wave 2 (returners)",Visual,58,0.47612066523776897,0.2141971725006712,-0.11944775158010362,0.18762144673207362,0.5955684168178726,0.2981018487630941
FD 0.5 mm / 20% (liberal),"Older adults, Wave 1 (Wave 2 returners)",Auditory,59,0.529846438955544,0.232494289572731,0.2523256012071288,0.2550483795343193,0.27752083774841513,0.17102539027292563
FD 0.5 mm / 20% (liberal),"Older adults, Wave 1 (Wave 2 returners)",Motor,59,0.6906153732331046,0.1849118854151195,-0.5396169612279754,0.18534495661353007,1.2302323344610802,0.34916996670572786
FD 0.5 mm / 20% (liberal),"Older adults, Wave 1 (Wave 2 returners)",Visual,59,0.537232476459531,0.21267971971659108,-0.08982467817839708,0.23456393736472653,0.6270571546379281,0.30894494435215986
