Motion rule,Outcome,Exclusion variant,N observations,N participants,N observations Wave 1,N observations Wave 2,N dropped Wave 1,N dropped Wave 2,age_between_b,age_between_SE,age_between_df,age_between_p,age_within_b,age_within_SE,age_within_df,age_within_p
FD 0.4 mm / 10% (primary),Reliability,Full sample,724,218,578,146,0,0,-0.0031812522488506713,4.4618124651911754e-4,223.32562511268915,1.3777397195306231e-11,-0.009776071948447242,0.004304842079430958,518.5188404639355,0.023559338450988287
FD 0.4 mm / 10% (primary),Reliability,Drop flagged observations,707,218,565,142,13,4,-0.0033077772142693527,4.165382350235753e-4,223.45937947581382,9.703575927430257e-14,-0.007902999275524684,0.004102524028069374,503.4324601735457,0.05462022829301218
FD 0.4 mm / 10% (primary),Reliability,Drop flagged participants,660,202,533,127,45,19,-0.0035222498769857656,4.249088776609151e-4,206.76084791362146,1.4336574856041108e-14,-0.007068262620295112,0.0043807906300695545,470.9170139801858,0.10731287579909873
FD 0.4 mm / 10% (primary),Confusability,Full sample,724,218,578,146,0,0,-1.074030087685262e-4,4.404069049680016e-4,257.090925392791,0.8075242819216724,1.684130200493568e-5,0.006303547999354883,552.5955966906761,0.9978692442733907
FD 0.4 mm / 10% (primary),Confusability,Drop flagged observations,707,218,565,142,13,4,1.9165734009758116e-5,4.408437784872675e-4,256.44844264643507,0.9653566322377987,-0.004602220542273876,0.006183493106170502,539.5658102057554,0.4570340132096272
FD 0.4 mm / 10% (primary),Confusability,Drop flagged participants,660,202,533,127,45,19,-2.3792949615906014e-6,4.61078597001014e-4,233.11252305694393,0.9958871232725541,-0.005043793452591638,0.00658527602960628,499.2857242802656,0.4440859429045183
FD 0.4 mm / 10% (primary),Distinctiveness,Full sample,724,218,578,146,0,0,-0.0030674429617502607,6.204227711985657e-4,232.12951574475045,1.4664936052735119e-6,-0.009747659283591587,0.007090737821348389,528.8127282613938,0.1698057268790076
FD 0.4 mm / 10% (primary),Distinctiveness,Drop flagged observations,707,218,565,142,13,4,-0.0033197719308233086,5.626108191533161e-4,235.77837819716356,1.2503954093549246e-8,-0.003119983095431415,0.006555498564448565,517.9647341398643,0.6343222391469296
FD 0.4 mm / 10% (primary),Distinctiveness,Drop flagged participants,660,202,533,127,45,19,-0.0035188004235678656,5.838582308814174e-4,219.4025597606675,6.996866442374653e-9,-0.0019799693150956265,0.006911390010888326,484.5324361510072,0.7746335922997333
FD 0.5 mm / 20% (liberal),Reliability,Full sample,841,226,665,176,0,0,-0.003231601244471908,4.8140572674173587e-4,241.24217371958312,1.3536602419860878e-10,-0.009341654536381354,0.0039803895483545475,623.0934120396339,0.019241488500923134
FD 0.5 mm / 20% (liberal),Reliability,Drop flagged observations,830,226,655,175,10,1,-0.00338594381078636,4.6384526855866793e-4,243.83602552356095,4.057788630083177e-12,-0.009179128396683606,0.003950002618955343,613.7499496520202,0.020460334962185498
FD 0.5 mm / 20% (liberal),Reliability,Drop flagged participants,799,215,632,167,33,9,-0.0036168544206267904,4.6633872377953143e-4,236.1371476361287,2.6193647195822326e-13,-0.009402070667614571,0.00403129880612154,596.8819141725975,0.020018168994553137
FD 0.5 mm / 20% (liberal),Confusability,Full sample,841,226,665,176,0,0,8.216231891042358e-6,4.0638698734177123e-4,302.847891115535,0.9838829792702521,1.5729817045548563e-4,0.005782873903853646,661.3743038520232,0.9783078692129673
FD 0.5 mm / 20% (liberal),Confusability,Drop flagged observations,830,226,655,175,10,1,1.1557618237493321e-4,4.0744788596879937e-4,305.13619199486857,0.7768642304834112,-0.0011733475819005667,0.005700199219450127,653.9413690426751,0.8369774132012133
FD 0.5 mm / 20% (liberal),Confusability,Drop flagged participants,799,215,632,167,33,9,1.5991005157238965e-4,4.1870771635093873e-4,286.73774536703183,0.7028085456339042,-2.3950666556600125e-4,0.005762138257152876,626.9732780292953,0.9668582390388364
FD 0.5 mm / 20% (liberal),Distinctiveness,Full sample,841,226,665,176,0,0,-0.0032855322478024386,6.39801378640862e-4,253.20577847505322,5.624527721199446e-7,-0.009498417837089572,0.0068207261396292275,629.6552678402072,0.16423788818499455
FD 0.5 mm / 20% (liberal),Distinctiveness,Drop flagged observations,830,226,655,175,10,1,-0.003547499746585148,6.073073499072642e-4,261.18587895725483,1.5347365769375367e-8,-0.007930829063853876,0.006597868916914171,625.2805840001631,0.22980736345153943
FD 0.5 mm / 20% (liberal),Distinctiveness,Drop flagged participants,799,215,632,167,33,9,-0.003822394060887413,6.177735639416575e-4,251.4554064852976,2.4668220425766887e-9,-0.00916196760605143,0.006688850699448092,606.1628650749097,0.1712761281397823
