motion_rule,outcome,age_term,contrast,estimate,SE,df,t,p_holm
FD 0.5 mm / 20% (liberal),Reliability,between_cAge,Auditory - Visual,-8.050772128292045e-4,6.219685758434811e-4,624.9934035147463,-1.2944017496983689,0.1960047292402355
FD 0.5 mm / 20% (liberal),Reliability,between_cAge,Auditory - Motor,-0.002629468407000914,6.191521492501295e-4,623.4089150486801,-4.246885697135233,7.494863317839771e-5
FD 0.5 mm / 20% (liberal),Reliability,between_cAge,Visual - Motor,-0.0018243911941717098,6.223176059582166e-4,624.7114978713176,-2.931607874668104,0.006990929919153485
FD 0.5 mm / 20% (liberal),Reliability,within_cAge,Auditory - Visual,0.015585935920030724,0.009597257360532815,623.5330448211233,1.6239989545477223,0.3146442313547047
FD 0.5 mm / 20% (liberal),Reliability,within_cAge,Auditory - Motor,0.014322031914264354,0.009572522702307342,623.9424115864196,1.4961606631460063,0.3146442313547047
FD 0.5 mm / 20% (liberal),Reliability,within_cAge,Visual - Motor,-0.001263904005766368,0.009615150597958762,623.7744181917192,-0.13144921578604157,0.8954623426271187
FD 0.5 mm / 20% (liberal),Confusability,between_cAge,Auditory - Visual,-0.0034667808934243853,8.951318126786509e-4,661.1161025255846,-3.872927812776717,2.3645478493618504e-4
FD 0.5 mm / 20% (liberal),Confusability,between_cAge,Auditory - Motor,-0.004980369373882205,8.919649434555783e-4,658.7951964748652,-5.5835931786597595,1.033979076388146e-7
FD 0.5 mm / 20% (liberal),Confusability,between_cAge,Visual - Motor,-0.00151358848045782,8.957167847455422e-4,661.1366779631151,-1.6898069861310063,0.09153631514635298
FD 0.5 mm / 20% (liberal),Confusability,within_cAge,Auditory - Visual,0.005697143535472258,0.01382035008684012,660.9190853316678,0.41222859766028186,0.7612086093105606
FD 0.5 mm / 20% (liberal),Confusability,within_cAge,Auditory - Motor,-0.012089168277387905,0.013778887835658154,662.5371818275785,-0.8773689445459124,0.7612086093105606
FD 0.5 mm / 20% (liberal),Confusability,within_cAge,Visual - Motor,-0.017786311812860164,0.013842601235511712,661.89828285246,-1.28489663974653,0.5978335776293509
FD 0.5 mm / 20% (liberal),Distinctiveness,between_cAge,Auditory - Visual,0.0026359086039877367,0.0010752891301687665,632.4563878407516,2.451348693140822,0.04350506453616628
FD 0.5 mm / 20% (liberal),Distinctiveness,between_cAge,Auditory - Motor,0.0023314682819803754,0.0010708666818089632,630.3362880183782,2.177178841760152,0.05967495219508906
FD 0.5 mm / 20% (liberal),Distinctiveness,between_cAge,Visual - Motor,-3.044403220073611e-4,0.0010759572114905007,632.2228180026997,-0.2829483540387507,0.7773090438432293
FD 0.5 mm / 20% (liberal),Distinctiveness,within_cAge,Auditory - Visual,0.009603546994845388,0.016597806868528128,631.0068970750755,0.5786033703678719,0.6418776540252982
FD 0.5 mm / 20% (liberal),Distinctiveness,within_cAge,Auditory - Motor,0.02611980252817416,0.016552886658998508,631.7959344960368,1.5779605736607198,0.34522558816902404
FD 0.5 mm / 20% (liberal),Distinctiveness,within_cAge,Visual - Motor,0.016516255533328774,0.016627474944417915,631.477474411005,0.9933111063789948,0.6418776540252982
