motion_rule,outcome,age_term,modality,slope,SE,df,lower.CL,upper.CL,t,p,interaction_significant
FD 0.5 mm / 20% (liberal),Reliability,between_cAge,Auditory,-0.004379220784475521,5.987984816353111e-4,508.0906328369804,-0.005555646586479012,-0.003202794982472029,-7.3133465076864,1.0209116406913136e-12,TRUE
FD 0.5 mm / 20% (liberal),Reliability,between_cAge,Visual,-0.0035741435716463163,6.02111680851623e-4,514.3119342212652,-0.004757044465712565,-0.0023912426775800676,-5.9360143397169605,5.374889945979378e-9,TRUE
FD 0.5 mm / 20% (liberal),Reliability,between_cAge,Motor,-0.0017497523774746067,5.989600972569652e-4,508.4747553303922,-0.002926493574091196,-5.730111808580172e-4,-2.921317105242705,0.003640489449221628,TRUE
FD 0.5 mm / 20% (liberal),Reliability,within_cAge,Auditory,6.289735720112471e-4,0.006753076586028025,623.3629141660826,-0.012632561967006269,0.013890509111028763,0.0931388181369926,0.9258232050970415,FALSE
FD 0.5 mm / 20% (liberal),Reliability,within_cAge,Visual,-0.014956962348019475,0.006815405445509573,623.2546031652582,-0.028340902383652524,-0.001573022312386426,-2.194581447516682,0.028561854588056275,FALSE
FD 0.5 mm / 20% (liberal),Reliability,within_cAge,Motor,-0.013693058342253105,0.0067759872262726124,623.5220165909572,-0.02699957866135503,-3.8653802315118113e-4,-2.0208211563860177,0.04372518918244986,FALSE
FD 0.5 mm / 20% (liberal),Confusability,between_cAge,Auditory,-0.0027987139853160167,6.536085741021807e-4,810.968279115918,-0.004081678016164691,-0.0015157499544673427,-4.281941969871535,2.0744647069384836e-5,TRUE
FD 0.5 mm / 20% (liberal),Confusability,between_cAge,Visual,6.680669081083686e-4,6.588596681215721e-4,812.3986430298478,-6.252010578015293e-4,0.0019613348740182665,1.0139745084306748,0.31089680230897504,TRUE
FD 0.5 mm / 20% (liberal),Confusability,between_cAge,Motor,0.0021816553885661886,6.540633243977109e-4,811.7759332578881,8.978006404769621e-4,0.003465510136655415,3.3355415403778355,8.899927615973474e-4,TRUE
FD 0.5 mm / 20% (liberal),Confusability,within_cAge,Auditory,-0.0018739292120322063,0.009726350139134927,660.2485699279762,-0.020972234995623566,0.01722437657155915,-0.19266520176898297,0.8472804238698575,FALSE
FD 0.5 mm / 20% (liberal),Confusability,within_cAge,Visual,-0.007571072747504464,0.009817193715344147,659.8389361601679,-0.026847777635381414,0.011705632140372488,-0.7712053940293523,0.44086126947938054,FALSE
FD 0.5 mm / 20% (liberal),Confusability,within_cAge,Motor,0.0102152390653557,0.009757712164626122,660.8956392300901,-0.00894461359581263,0.029375091726524027,1.0468887473836557,0.2955336084343624,FALSE
FD 0.5 mm / 20% (liberal),Distinctiveness,between_cAge,Auditory,-0.0016375186572178486,8.887940766254861e-4,666.3012812227638,-0.0033826931206290623,1.0765580619336522e-4,-1.8424050072825304,0.06586005483428475,TRUE
FD 0.5 mm / 20% (liberal),Distinctiveness,between_cAge,Visual,-0.004273427261205586,8.949848891813736e-4,671.8361598191718,-0.0060307312301278865,-0.0025161232922832847,-4.774859679602425,2.208754021077745e-6,TRUE
FD 0.5 mm / 20% (liberal),Distinctiveness,between_cAge,Motor,-0.003968986939198224,8.891529400595934e-4,667.1154535994126,-0.005714862164623992,-0.0022231117137724568,-4.463784305692351,9.452812596457066e-6,TRUE
FD 0.5 mm / 20% (liberal),Distinctiveness,within_cAge,Auditory,0.0023125120259359557,0.011679616463846338,630.6797224115662,-0.02062313090622704,0.02524815495809895,0.19799554489603488,0.8431123500737423,FALSE
FD 0.5 mm / 20% (liberal),Distinctiveness,within_cAge,Visual,-0.007291034968909432,0.01178781553389248,630.4749516702607,-0.03043916639130917,0.015857096453490302,-0.618522995032129,0.5364540334288467,FALSE
FD 0.5 mm / 20% (liberal),Distinctiveness,within_cAge,Motor,-0.023807290502238204,0.011718647320909414,630.9902803613542,-0.04681955782189604,-7.950231825803664e-4,-2.031573256732387,0.04261540625150202,FALSE
