motion_rule,scope,age_term,b_reliability,b_confusability,signed_diff,delta,delta_ci_lo,delta_ci_hi,boot_p,n_boot_ok
FD 0.4 mm / 10% (primary),Pooled,between_cAge,-0.0031812522488506713,-1.074030087685262e-4,-0.003073849240082145,0.003073849240082145,0.0017675572317467814,0.0037355190708992818,0,4271
FD 0.4 mm / 10% (primary),Pooled,within_cAge,-0.009776071948447242,1.684130200493568e-5,-0.009792913250452177,0.009759230646442307,-0.0031666874126576768,0.015612734750503078,0.19292905642706626,4271
FD 0.4 mm / 10% (primary),Auditory,between_cAge,-0.004118489535955163,-0.002746023812315544,-0.0013724657236396194,0.0013724657236396194,2.698122126022242e-4,0.0025096439804210688,0.012797881729920565,4532
FD 0.4 mm / 10% (primary),Auditory,within_cAge,-0.003337969247480515,-0.0030757249492995437,-2.6224429818097125e-4,2.6224429818097125e-4,-0.008540994791715785,0.00767214709549662,0.9532215357458076,4532
FD 0.4 mm / 10% (primary),Visual,between_cAge,-0.003347196068598086,4.779002423112336e-4,-0.0038250963109093196,0.0028692958262868527,9.883720541443786e-4,0.003981283920307299,0.00176522506619594,4532
FD 0.4 mm / 10% (primary),Visual,within_cAge,-0.009911011477816638,-0.005919481982980895,-0.003991529494835742,0.003991529494835742,-0.013568778238588729,0.01710083331853244,0.7511032656663724,4532
FD 0.4 mm / 10% (primary),Motor,between_cAge,-0.0019273272139961406,0.0022951521356957463,-0.004222479349691887,-3.6782492169960563e-4,-0.0012414159101814197,5.385331148455446e-4,0.4245366284201236,4532
FD 0.4 mm / 10% (primary),Motor,within_cAge,-0.01666179115244307,0.013704636381577068,-0.03036642753402014,0.002957154770866003,-0.008379413285834235,0.013509079124188979,0.5723742277140336,4532
FD 0.5 mm / 20% (liberal),Pooled,between_cAge,-0.003231601244471908,8.216231891042358e-6,-0.0032398174763629507,0.0032233850125808657,0.0017910288699908618,0.0038027238077953706,0,3353
FD 0.5 mm / 20% (liberal),Pooled,within_cAge,-0.009341654536381354,1.5729817045548563e-4,-0.009498952706836839,0.009184356365925869,-0.002912640456531181,0.014465057099665724,0.16880405606919177,3353
FD 0.5 mm / 20% (liberal),Auditory,between_cAge,-0.004379220784475521,-0.0027987139853160167,-0.001580506799159504,0.001580506799159504,4.998251892918888e-4,0.0026776785796890955,0.0055151667084482325,3989
FD 0.5 mm / 20% (liberal),Auditory,within_cAge,6.289735720112471e-4,-0.0018739292120322063,0.0025029027840434534,-0.0012449556400209593,-0.009990962757623855,0.010513990590330528,0.9882175983955879,3989
FD 0.5 mm / 20% (liberal),Visual,between_cAge,-0.0035741435716463163,6.680669081083686e-4,-0.004242210479754685,0.0029060766635379477,0.001074880704382031,0.004121152717027591,0.002005515166708448,3989
FD 0.5 mm / 20% (liberal),Visual,within_cAge,-0.014956962348019475,-0.007571072747504464,-0.0073858896005150115,0.0073858896005150115,-0.007828092677411618,0.020218298119623588,0.3609927300075207,3989
FD 0.5 mm / 20% (liberal),Motor,between_cAge,-0.0017497523774746067,0.0021816553885661886,-0.0039314077660407955,-4.3190301109158184e-4,-0.001234509899614765,4.264230196197303e-4,0.3023314113812986,3989
FD 0.5 mm / 20% (liberal),Motor,within_cAge,-0.013693058342253105,0.0102152390653557,-0.023908297407608803,0.003477819276897406,-0.005103354582795612,0.011591287138566702,0.42617197292554526,3989
