motion_rule,outcome,term,estimate,se,df,t,p,n_observations,n_participants
FD 0.4 mm / 10% (primary),Reliability,(Intercept),0.5857192414636381,0.08394534888605341,208.59905825908078,6.977387660377558,3.920036544365996e-11,724,218
FD 0.4 mm / 10% (primary),Reliability,within_cAge,-0.009776071948447242,0.004304842079430958,518.5188404639355,-2.2709478694139476,0.023559338450988287,724,218
FD 0.4 mm / 10% (primary),Reliability,between_cAge,-0.0031812522488506713,4.4618124651911754e-4,223.32562511268915,-7.1299550881378515,1.3777397195306231e-11,724,218
FD 0.4 mm / 10% (primary),Reliability,Sex_M1,-0.01246867702101225,0.018689260595914966,215.67033014319225,-0.6671573204847714,0.5053848208371093,724,218
FD 0.4 mm / 10% (primary),Reliability,Education,0.002679320068950382,0.0046051753707830045,211.44543825784342,0.5818063055641733,0.5613169239709448,724,218
FD 0.4 mm / 10% (primary),Reliability,aud_mot,0.07922164310183546,0.008178205744620365,536.8792295867572,9.686922238896665,1.4682374205658197e-20,724,218
FD 0.4 mm / 10% (primary),Reliability,aud_vis,-0.037675217120444755,0.008105664551213468,536.1468086982002,-4.648010891939088,4.224002094615787e-6,724,218
FD 0.4 mm / 10% (primary),Confusability,(Intercept),4.8718582136432194e-4,0.08002297300563198,187.84351731189236,0.006088074499931839,0.9951489100775542,724,218
FD 0.4 mm / 10% (primary),Confusability,within_cAge,1.684130200493568e-5,0.006303547999354883,552.5955966906761,0.002671717897073085,0.9978692442733907,724,218
FD 0.4 mm / 10% (primary),Confusability,between_cAge,-1.074030087685262e-4,4.404069049680016e-4,257.090925392791,-0.24387221807144402,0.8075242819216724,724,218
FD 0.4 mm / 10% (primary),Confusability,Sex_M1,-0.022532968528635136,0.018085473931751583,211.89129285959035,-1.2459152916681577,0.21417130925878758,724,218
FD 0.4 mm / 10% (primary),Confusability,Education,-0.005351033687715934,0.004404194954444539,190.88728355225618,-1.2149856541468227,0.22587226645412936,724,218
FD 0.4 mm / 10% (primary),Confusability,aud_mot,-0.4396587871772633,0.011869779452280417,576.2359030130463,-37.04018166005572,1.4880189205293086e-154,724,218
FD 0.4 mm / 10% (primary),Confusability,aud_vis,0.023442129134218597,0.011770433309811045,574.5522571705112,1.9916113975752114,0.0468866786950337,724,218
FD 0.4 mm / 10% (primary),Distinctiveness,(Intercept),0.5670912535365619,0.11572366128684718,203.05287110364927,4.900391564097669,1.9522875514104825e-6,724,218
FD 0.4 mm / 10% (primary),Distinctiveness,within_cAge,-0.009747659283591587,0.007090737821348389,528.8127282613938,-1.3747031027213965,0.1698057268790076,724,218
FD 0.4 mm / 10% (primary),Distinctiveness,between_cAge,-0.0030674429617502607,6.204227711985657e-4,232.12951574475045,-4.944117308628778,1.4664936052735119e-6,724,218
FD 0.4 mm / 10% (primary),Distinctiveness,Sex_M1,0.011189991438560802,0.02586856806860447,215.52432878359016,0.43257096445711646,0.6657590081188614,724,218
FD 0.4 mm / 10% (primary),Distinctiveness,Education,0.009097000113959653,0.006356576891669635,206.0842067524557,1.431116191779474,0.15391157495880747,724,218
FD 0.4 mm / 10% (primary),Distinctiveness,aud_mot,0.5201701591850568,0.01342493218079934,550.0036432306952,38.74657630889314,2.4573705486746546e-159,724,218
FD 0.4 mm / 10% (primary),Distinctiveness,aud_vis,-0.06063022869621731,0.013307995986749132,548.856852386161,-4.555924780604628,6.432144373064129e-6,724,218
FD 0.5 mm / 20% (liberal),Reliability,(Intercept),0.540695896433574,0.08976258050049857,223.93807284688165,6.023622465160422,6.9319355323648714e-9,841,226
FD 0.5 mm / 20% (liberal),Reliability,within_cAge,-0.009341654536381354,0.0039803895483545475,623.0934120396339,-2.3469196727850665,0.019241488500923134,841,226
FD 0.5 mm / 20% (liberal),Reliability,between_cAge,-0.003231601244471908,4.8140572674173587e-4,241.24217371958312,-6.712843377132476,1.3536602419860878e-10,841,226
FD 0.5 mm / 20% (liberal),Reliability,Sex_M1,-0.01555758429852687,0.02000198639762143,229.69824527779565,-0.7778019637278087,0.4374861595471514,841,226
FD 0.5 mm / 20% (liberal),Reliability,Education,0.004351931071750226,0.004887334754178649,225.76318214581832,0.8904507856821849,0.37417181025242285,841,226
FD 0.5 mm / 20% (liberal),Reliability,aud_mot,0.07780482496430345,0.00749701954459005,625.852765078725,10.378100857486555,2.1683489604724006e-23,841,226
FD 0.5 mm / 20% (liberal),Reliability,aud_vis,-0.042519253176581784,0.0075086139353249485,626.6416305421353,-5.662729971579194,2.27060816375906e-8,841,226
FD 0.5 mm / 20% (liberal),Confusability,(Intercept),0.02659989708506219,0.07190029785974936,210.70194794249636,0.36995531140842647,0.7117873754374373,841,226
FD 0.5 mm / 20% (liberal),Confusability,within_cAge,1.5729817045548563e-4,0.005782873903853646,661.3743038520232,0.02720069174440477,0.9783078692129673,841,226
FD 0.5 mm / 20% (liberal),Confusability,between_cAge,8.216231891042358e-6,4.0638698734177123e-4,302.847891115535,0.020217753390151028,0.9838829792702521,841,226
FD 0.5 mm / 20% (liberal),Confusability,Sex_M1,-0.03415953182897946,0.01625302037788323,227.92524447464908,-2.101734387502709,0.03667465525918629,841,226
FD 0.5 mm / 20% (liberal),Confusability,Education,-0.005399800458624879,0.0039316135632576285,215.27693757508314,-1.3734311299279247,0.17104699904732087,841,226
FD 0.5 mm / 20% (liberal),Confusability,aud_mot,-0.41777774873733103,0.010871045567839487,666.5546962088274,-38.43031897256229,3.2116243919726257e-171,841,226
FD 0.5 mm / 20% (liberal),Confusability,aud_vis,0.019841430645738074,0.010881473442253566,668.1096303377864,1.8234139660436364,0.06868739007879213,841,226
FD 0.5 mm / 20% (liberal),Distinctiveness,(Intercept),0.4990416943251117,0.11761852297737027,218.16603441952722,4.242883533073503,3.2623724839641016e-5,841,226
FD 0.5 mm / 20% (liberal),Distinctiveness,within_cAge,-0.009498417837089572,0.0068207261396292275,629.6552678402072,-1.3925816170660537,0.16423788818499455,841,226
FD 0.5 mm / 20% (liberal),Distinctiveness,between_cAge,-0.0032855322478024386,6.39801378640862e-4,253.20577847505322,-5.13523783706427,5.624527721199446e-7,841,226
FD 0.5 mm / 20% (liberal),Distinctiveness,Sex_M1,0.020291386215221443,0.026327425099182785,227.82732586440537,0.7707318941665623,0.44166439424765,841,226
FD 0.5 mm / 20% (liberal),Distinctiveness,Education,0.01044316534815515,0.0064131333561469606,221.09488972647486,1.628402961267821,0.10486354266180711,841,226
FD 0.5 mm / 20% (liberal),Distinctiveness,aud_mot,0.4963287300533533,0.01283755878032,633.5200451189222,38.66223622003789,7.515943051574224e-169,841,226
FD 0.5 mm / 20% (liberal),Distinctiveness,aud_vis,-0.0627939879959078,0.01285467074846567,634.7066079604026,-4.884916091950692,1.3114245793192037e-6,841,226
