motion_rule,age_group,modality,runs_assessed,runs_excluded,pct_runs_excluded,mean_pct_volumes_scrubbed
FD 0.4 mm / 10% (primary),Older adults,Auditory,223,16,7.174887892376682,2.7852605381165914
FD 0.4 mm / 10% (primary),Older adults,Motor,226,53,23.451327433628318,7.064896460176992
FD 0.4 mm / 10% (primary),Older adults,Visual,226,49,21.68141592920354,6.120948672566373
FD 0.4 mm / 10% (primary),Young adults,Auditory,60,2,3.3333333333333335,1.4444450000000002
FD 0.4 mm / 10% (primary),Young adults,Motor,60,7,11.666666666666666,3.111118333333333
FD 0.4 mm / 10% (primary),Young adults,Visual,60,4,6.666666666666667,2.722226666666667
FD 0.4 mm / 10% (primary),Older adults,All modalities,675,118,17.48148148148148,5.334983851851852
FD 0.4 mm / 10% (primary),Young adults,All modalities,180,13,7.222222222222221,2.4259300000000006
FD 0.4 mm / 10% (primary),All participants,Auditory,283,18,6.36042402826855,2.5009886925795053
FD 0.4 mm / 10% (primary),All participants,Motor,286,60,20.97902097902098,6.235432517482518
FD 0.4 mm / 10% (primary),All participants,Visual,286,53,18.53146853146853,5.407930069930068
FD 0.4 mm / 10% (primary),All participants,All modalities,855,131,15.321637426900587,4.722551461988304
FD 0.5 mm / 20% (liberal),Older adults,Auditory,223,1,0.4484304932735426,1.6816210762331838
FD 0.5 mm / 20% (liberal),Older adults,Motor,226,6,2.6548672566371683,4.446907522123894
FD 0.5 mm / 20% (liberal),Older adults,Visual,226,6,2.6548672566371683,3.9060995575221233
FD 0.5 mm / 20% (liberal),Young adults,Auditory,60,0,0,0.97222833333333325
FD 0.5 mm / 20% (liberal),Young adults,Motor,60,0,0,2.1574166666666668
FD 0.5 mm / 20% (liberal),Young adults,Visual,60,1,1.6666666666666667,1.8055633333333332
FD 0.5 mm / 20% (liberal),Older adults,All modalities,675,13,1.925925925925926,3.3522682962962955
FD 0.5 mm / 20% (liberal),Young adults,All modalities,180,1,0.5555555555555556,1.6450694444444445
FD 0.5 mm / 20% (liberal),All participants,Auditory,283,1,0.35335689045936397,1.5312197879858656
FD 0.5 mm / 20% (liberal),All participants,Motor,286,6,2.097902097902098,3.9665947552447554
FD 0.5 mm / 20% (liberal),All participants,Visual,286,7,2.4475524475524475,3.465427622377623
FD 0.5 mm / 20% (liberal),All participants,All modalities,855,14,1.6374269005847955,2.992858011695906
