rule,role,measure,column,series,old_slope,old_x_min,old_x_max,old_y_start,old_y_end,corrected_slope,corrected_x_min,corrected_x_max,corrected_y_start,corrected_y_end
primary,Pooled manuscript model,Distinctiveness,Between-person,All modalities,-0.0030674429617502607,18,94,0.14416981920226224,-0.08895584589075756,-0.003079401722726799,18,94,0.14473188096815948,-0.08930264995907722
primary,Descriptive visualization only,Distinctiveness,Between-person,Auditory,-0.00141718844464096,18,94,0.0666078568981251,-0.04109846489458785,-0.0014203598738522776,18,94,0.06675691407105705,-0.04119043634171604
primary,Descriptive visualization only,Distinctiveness,Between-person,Visual,-0.0038237694932994177,18,94,0.1797171661850726,-0.11088931530568313,-0.003827249759605128,18,94,0.17988073870144106,-0.11099024302854865
primary,Descriptive visualization only,Distinctiveness,Between-person,Motor,-0.004212074547142402,18,87,0.19796750371569294,-0.09266564003713285,-0.0042375542131413355,18,87,0.1991650480176428,-0.09322619268910937
primary,Pooled manuscript model,Distinctiveness,Within-person,All modalities,-0.009747659283591588,0,6.068965517241383,0,-0.05915820806593519,-0.009219343396312302,0,5.5,0,-0.05070638867971766
primary,Descriptive visualization only,Distinctiveness,Within-person,Auditory,-8.751057105755709e-4,0,6.034545454545457,0,-0.005280865188000583,-7.207181905766982e-4,0,5.490909090909091,0,-0.003957398064621143
primary,Descriptive visualization only,Distinctiveness,Within-person,Visual,-0.003856888546650999,0,6.197727272727276,0,-0.023903943333448363,-0.004869529130988257,0,5.511363636363636,0,-0.026837745778742095
primary,Descriptive visualization only,Distinctiveness,Within-person,Motor,-0.02955049048031576,0,4.51219512195122,0,-0.13333757899654675,-0.025821624198506445,0,4.48780487804878,0,-0.11588241103719965
primary,Pooled manuscript model,Reliability,Between-person,All modalities,-0.0031812522488506726,18,94,0.14951885569598156,-0.09225631521666955,-0.003197952035217727,18,94,0.1503037456552332,-0.09274060902131409
primary,Descriptive visualization only,Reliability,Between-person,Auditory,-0.004118489535955183,18,94,0.19356900818989364,-0.11943619654270027,-0.004126933629520657,18,94,0.19396588058747088,-0.11968107525609906
primary,Descriptive visualization only,Reliability,Between-person,Visual,-0.003347196068598102,18,94,0.15731821522411082,-0.09706868598934493,-0.0033634041514994683,18,94,0.158079995120475,-0.0975387203934846
primary,Descriptive visualization only,Reliability,Between-person,Motor,-0.0019273272139961474,18,87,0.09058437905781891,-0.042401198707915255,-0.0019471199990473268,18,87,0.09151463995522435,-0.04283663997904119
primary,Pooled manuscript model,Reliability,Within-person,All modalities,-0.009776071948447235,0,6.068965517241383,0,-0.05933064354919704,-0.008891223292446576,0,5.5,0,-0.048901728108456166
primary,Descriptive visualization only,Reliability,Within-person,Auditory,-0.003337969247480531,0,6.034545454545457,0,-0.02014312714979616,-0.0024141389636798583,0,5.490909090909091,0,-0.013255817582387586
primary,Descriptive visualization only,Reliability,Within-person,Visual,-0.00991101147781663,0,6.197727272727276,0,-0.06142574613637719,-0.009098678686913858,0,5.511363636363636,0,-0.05014612685401387
primary,Descriptive visualization only,Reliability,Within-person,Motor,-0.016661791152443067,0,4.51219512195122,0,-0.07518125276102361,-0.015370103287996803,0,4.48780487804878,0,-0.06897802451198565
primary,Pooled manuscript model,Confusability,Between-person,All modalities,-1.0740300876852618e-4,18,94,0.005047941412120727,-0.003114687254287263,-1.1174911665243277e-4,18,94,0.005252208482664333,-0.0032407243829205568
primary,Descriptive visualization only,Confusability,Between-person,Auditory,-0.0027460238123155575,18,94,0.12906311917883118,-0.0796346905571512,-0.002754821456665059,18,94,0.12947660846325776,-0.0798898222432867
primary,Descriptive visualization only,Confusability,Between-person,Visual,4.77900242311236e-4,18,94,-0.022461311388628086,0.01385910702702585,4.6587582205338254e-4,18,94,-0.02189616363650898,0.01351039883954809
primary,Descriptive visualization only,Confusability,Between-person,Motor,0.002295152135695758,18,87,-0.10787215037770059,0.05049334698530672,0.002303923817617369,18,87,-0.10828441942801637,0.050686323987582105
primary,Pooled manuscript model,Confusability,Within-person,All modalities,1.6841302004932967e-5,0,6.068965517241383,0,1.0220928113338634e-4,0.0013052617605473745,0,5.5,0,0.00717893968301056
primary,Descriptive visualization only,Confusability,Within-person,Auditory,-0.0030757249492995484,0,6.034545454545457,0,-0.018560602012227645,-0.0013320238438608416,0,5.490909090909091,0,-0.007314021833563167
primary,Descriptive visualization only,Confusability,Within-person,Visual,-0.005919481982980896,0,6.197727272727276,0,-0.03668733492633844,-0.0033798181320761674,0,5.511363636363636,0,-0.018627406750647058
primary,Descriptive visualization only,Confusability,Within-person,Motor,0.013704636381577068,0,4.51219512195122,0,0.06183799342906726,0.011879471956416561,0,4.48780487804878,0,0.053312752194649926
liberal,Pooled manuscript model,Distinctiveness,Between-person,All modalities,-0.003285532247802437,18,94,0.1544200156467146,-0.0952804351862706,-0.003289144712645616,18,94,0.15458980149434398,-0.09538519666672285
liberal,Descriptive visualization only,Distinctiveness,Between-person,Auditory,-0.0016375186572178534,18,94,0.0769633768892391,-0.047488041059317754,-0.001639510973488015,18,94,0.0770570157539367,-0.04754581823115245
liberal,Descriptive visualization only,Distinctiveness,Between-person,Visual,-0.004273427261205596,18,94,0.20085108127666307,-0.12392939057496222,-0.004275645238976478,18,94,0.2009553262318945,-0.12399371193031783
liberal,Descriptive visualization only,Distinctiveness,Between-person,Motor,-0.0039689869391982355,18,94,0.186542386142317,-0.11510062123674891,-0.0039754232241584475,18,94,0.18684489153544703,-0.11528727350059498
liberal,Pooled manuscript model,Distinctiveness,Within-person,All modalities,-0.009498417837089566,0,5.506666666666667,0,-0.05230462088957322,-0.009146257224415545,0,5.508333333333334,0,-0.05038063354448896
liberal,Descriptive visualization only,Distinctiveness,Within-person,Auditory,0.0023125120259359522,0,5.489830508474577,0,0.012695299071197541,0.0024731454064378477,0,5.5,0,0.013602299735408163
liberal,Descriptive visualization only,Distinctiveness,Within-person,Visual,-0.007291034968909459,0,5.505172413793104,0,-0.040138404578841214,-0.00730808681578429,0,5.5,0,-0.040194477486813596
liberal,Descriptive visualization only,Distinctiveness,Within-person,Motor,-0.02380729050223821,0,5.528070175438597,0,-0.13160837258342561,-0.02287667241992131,0,5.526315789473683,0,-0.12642371600482827
liberal,Pooled manuscript model,Reliability,Between-person,All modalities,-0.003231601244471907,18,94,0.15188525849017964,-0.09371643608968527,-0.0032349035410298944,18,94,0.15204046642840507,-0.0938122026898669
liberal,Descriptive visualization only,Reliability,Between-person,Auditory,-0.0043792207844755345,18,94,0.20582337687035013,-0.1269974027497905,-0.00438092503042326,18,94,0.20590347642989326,-0.1270468258822745
liberal,Descriptive visualization only,Reliability,Between-person,Visual,-0.003574143571646327,18,94,0.16798474786737738,-0.10365016357774348,-0.0035781060702080782,18,94,0.1681709852997797,-0.10376507603603424
liberal,Descriptive visualization only,Reliability,Between-person,Motor,-0.0017497523774746121,18,94,0.08223836174130683,-0.05074281894676369,-0.0017534748859203888,18,94,0.08241331963825826,-0.05085077169169128
liberal,Pooled manuscript model,Reliability,Within-person,All modalities,-0.009341654536381368,0,5.506666666666667,0,-0.051441377647006736,-0.009147392352992076,0,5.508333333333334,0,-0.050386886211064685
liberal,Descriptive visualization only,Reliability,Within-person,Auditory,6.28973572011219e-4,0,5.489830508474577,0,0.003452958304651421,6.915638043337623e-4,0,5.5,0,0.0038036009238356927
liberal,Descriptive visualization only,Reliability,Within-person,Visual,-0.014956962348019482,0,5.505172413793104,0,-0.08234065651245898,-0.014662961553090477,0,5.5,0,-0.08064628854199762
liberal,Descriptive visualization only,Reliability,Within-person,Motor,-0.013693058342253107,0,5.528070175438597,0,-0.07569618743235007,-0.013491016405192204,0,5.526315789473683,0,-0.07455561697606217
liberal,Pooled manuscript model,Confusability,Between-person,All modalities,8.216231891042405e-6,18,94,-0.00038616289887899446,2.3827072484022827e-4,8.245771125395554e-6,18,94,-3.875512428935801e-4,2.3912736263648204e-4
liberal,Descriptive visualization only,Confusability,Between-person,Auditory,-0.002798713985316026,18,94,0.13153955730985317,-0.08116270557416477,-0.002798980294758986,18,94,0.13155207385367235,-0.08117042854801057
liberal,Descriptive visualization only,Confusability,Between-person,Visual,6.680669081083705e-4,18,94,-0.03139914468109342,0.01937394033514274,6.661664392846708e-4,18,94,-0.03130982264637952,0.01931882673925546
liberal,Descriptive visualization only,Confusability,Between-person,Motor,0.002181655388566194,18,94,-0.10253780326261108,0.06326800626841966,0.0021842804876146815,18,94,-0.10266118291789006,0.06334413414082574
liberal,Pooled manuscript model,Confusability,Within-person,All modalities,1.572981704554859e-4,0,5.506666666666667,0,8.661885919748757e-4,1.54210195278652e-4,0,5.508333333333334,0,8.494411589932416e-4
liberal,Descriptive visualization only,Confusability,Within-person,Auditory,-0.0018739292120321983,0,5.489830508474577,0,-0.010287553758936085,-0.0017980061629398016,0,5.5,0,-0.009889033896168908
liberal,Descriptive visualization only,Confusability,Within-person,Visual,-0.007571072747504464,0,5.505172413793104,0,-0.041680060832382335,-0.007134805342360591,0,5.5,0,-0.03924142938298325
liberal,Descriptive visualization only,Confusability,Within-person,Motor,0.0102152390653557,0,5.528070175438597,0,0.05647055841216808,0.009614832102574489,0,5.526315789473683,0,0.05313459846159585
