motion_rule,outcome,term,statistic,old,corrected,difference,changed
FD 0.4 mm / 10% (primary),Reliability,(Intercept),estimate,0.5857192414636381,0.5842953881503682,-0.001423853313269885,TRUE
FD 0.4 mm / 10% (primary),Reliability,(Intercept),se,0.08394534888605341,0.0840351939586382,8.984507258479046e-5,TRUE
FD 0.4 mm / 10% (primary),Reliability,(Intercept),df,208.5990582590808,208.5747365790422,-0.024321680038610793,TRUE
FD 0.4 mm / 10% (primary),Reliability,(Intercept),t,6.977387660377558,6.952984346510298,-0.02440331386726058,TRUE
FD 0.4 mm / 10% (primary),Reliability,(Intercept),p,3.920036544365996e-11,4.5130466871311326e-11,5.930101427651368e-12,TRUE
FD 0.4 mm / 10% (primary),Reliability,(Intercept),n_observations,724,724,0,FALSE
FD 0.4 mm / 10% (primary),Reliability,(Intercept),n_participants,218,218,0,FALSE
FD 0.4 mm / 10% (primary),Reliability,within_cAge,estimate,-0.00977607194844724,-0.00889122329244659,8.848486560006502e-4,TRUE
FD 0.4 mm / 10% (primary),Reliability,within_cAge,se,0.00430484207943095,0.00428482123694188,-2.0020842489070628e-5,TRUE
FD 0.4 mm / 10% (primary),Reliability,within_cAge,df,518.5188404639355,528.6951427969236,10.176302332988143,TRUE
FD 0.4 mm / 10% (primary),Reliability,within_cAge,t,-2.2709478694139476,-2.0750511633461626,0.19589670606778498,TRUE
FD 0.4 mm / 10% (primary),Reliability,within_cAge,p,0.02355933845098828,0.03846485490984026,0.014905516458851978,TRUE
FD 0.4 mm / 10% (primary),Reliability,within_cAge,n_observations,724,724,0,FALSE
FD 0.4 mm / 10% (primary),Reliability,within_cAge,n_participants,218,218,0,FALSE
FD 0.4 mm / 10% (primary),Reliability,between_cAge,estimate,-0.00318125224885067,-0.00319795203521772,-1.669978636704983e-5,TRUE
FD 0.4 mm / 10% (primary),Reliability,between_cAge,se,4.4618124651911754e-4,4.4620471130793574e-4,2.3464788818201247e-8,TRUE
FD 0.4 mm / 10% (primary),Reliability,between_cAge,df,223.32562511268915,223.22798389518695,-0.09764121750220056,TRUE
FD 0.4 mm / 10% (primary),Reliability,between_cAge,t,-7.1299550881378515,-7.167006430397708,-0.037051342259856845,TRUE
FD 0.4 mm / 10% (primary),Reliability,between_cAge,p,1.3777397195306231e-11,1.1072591466781099e-11,-2.7048057285251324e-12,TRUE
FD 0.4 mm / 10% (primary),Reliability,between_cAge,n_observations,724,724,0,FALSE
FD 0.4 mm / 10% (primary),Reliability,between_cAge,n_participants,218,218,0,FALSE
FD 0.4 mm / 10% (primary),Reliability,Sex_M1,estimate,-0.01246867702101225,-0.01234478017249227,1.2389684851998005e-4,TRUE
FD 0.4 mm / 10% (primary),Reliability,Sex_M1,se,0.01868926059591496,0.01871311092632323,2.385033040827253e-5,TRUE
FD 0.4 mm / 10% (primary),Reliability,Sex_M1,df,215.67033014319225,215.60830050484785,-0.06202963834439856,TRUE
FD 0.4 mm / 10% (primary),Reliability,Sex_M1,t,-0.6671573204847714,-0.6596861537932317,0.007471166691539688,TRUE
FD 0.4 mm / 10% (primary),Reliability,Sex_M1,p,0.5053848208371093,0.5101592882759309,0.004774467438821595,TRUE
FD 0.4 mm / 10% (primary),Reliability,Sex_M1,n_observations,724,724,0,FALSE
FD 0.4 mm / 10% (primary),Reliability,Sex_M1,n_participants,218,218,0,FALSE
FD 0.4 mm / 10% (primary),Reliability,Education,estimate,0.00267932006895038,0.00273417567005776,5.485560110737994e-5,TRUE
FD 0.4 mm / 10% (primary),Reliability,Education,se,0.004605175370783,0.00461061774906574,5.4423782827398015e-6,TRUE
FD 0.4 mm / 10% (primary),Reliability,Education,df,211.44543825784345,211.39813846729157,-0.047299790551875276,TRUE
FD 0.4 mm / 10% (primary),Reliability,Education,t,0.5818063055641733,0.593017209160702,0.011210903596528654,TRUE
FD 0.4 mm / 10% (primary),Reliability,Education,p,0.5613169239709448,0.5538035101100507,-0.007513413860894103,TRUE
FD 0.4 mm / 10% (primary),Reliability,Education,n_observations,724,724,0,FALSE
FD 0.4 mm / 10% (primary),Reliability,Education,n_participants,218,218,0,FALSE
FD 0.4 mm / 10% (primary),Reliability,aud_mot,estimate,0.07922164310183546,0.07929407690584647,7.24338040110073e-5,TRUE
FD 0.4 mm / 10% (primary),Reliability,aud_mot,se,0.00817820574462036,0.00817803528529148,-1.70459328879477e-7,TRUE
FD 0.4 mm / 10% (primary),Reliability,aud_mot,df,536.8792295867572,536.8838623234464,0.004632736689131889,TRUE
FD 0.4 mm / 10% (primary),Reliability,aud_mot,t,9.686922238896663,9.695981264407113,0.009059025510449459,TRUE
FD 0.4 mm / 10% (primary),Reliability,aud_mot,p,1.4682374205658194e-20,1.361427737300298e-20,-1.068096832655215e-21,FALSE
FD 0.4 mm / 10% (primary),Reliability,aud_mot,n_observations,724,724,0,FALSE
FD 0.4 mm / 10% (primary),Reliability,aud_mot,n_participants,218,218,0,FALSE
FD 0.4 mm / 10% (primary),Reliability,aud_vis,estimate,-0.03767521712044475,-0.03764425994074184,3.09571797029104e-5,TRUE
FD 0.4 mm / 10% (primary),Reliability,aud_vis,se,0.00810566455121346,0.00810591973438771,2.551831742494265e-7,TRUE
FD 0.4 mm / 10% (primary),Reliability,aud_vis,df,536.1468086982002,536.0298845070356,-0.11692419116457131,TRUE
FD 0.4 mm / 10% (primary),Reliability,aud_vis,t,-4.648010891939088,-4.644045484566509,0.003965407372579222,TRUE
FD 0.4 mm / 10% (primary),Reliability,aud_vis,p,4.224002094615787e-6,4.302937247222753e-6,7.893515260696584e-8,TRUE
FD 0.4 mm / 10% (primary),Reliability,aud_vis,n_observations,724,724,0,FALSE
FD 0.4 mm / 10% (primary),Reliability,aud_vis,n_participants,218,218,0,FALSE
FD 0.4 mm / 10% (primary),Confusability,(Intercept),estimate,4.8718582136432194e-4,2.987280719511262e-4,-1.8845774941319573e-4,TRUE
FD 0.4 mm / 10% (primary),Confusability,(Intercept),se,0.08002297300563198,0.07998412552914483,-3.8847476487149923e-5,TRUE
FD 0.4 mm / 10% (primary),Confusability,(Intercept),df,187.84351731189236,187.7868913455135,-0.05662596637884576,TRUE
FD 0.4 mm / 10% (primary),Confusability,(Intercept),t,0.00608807449993183,0.00373484200739651,-0.00235323249253532,TRUE
FD 0.4 mm / 10% (primary),Confusability,(Intercept),p,0.9951489100775542,0.997023998749334,0.0018750886717797677,TRUE
FD 0.4 mm / 10% (primary),Confusability,(Intercept),n_observations,724,724,0,FALSE
FD 0.4 mm / 10% (primary),Confusability,(Intercept),n_participants,218,218,0,FALSE
FD 0.4 mm / 10% (primary),Confusability,within_cAge,estimate,1.684130200493568e-5,0.00130526176054737,0.0012884204585424342,TRUE
FD 0.4 mm / 10% (primary),Confusability,within_cAge,se,0.00630354799935488,0.00623113912521346,-7.240887414141934e-5,TRUE
FD 0.4 mm / 10% (primary),Confusability,within_cAge,df,552.5955966906761,577.1881581156885,24.592561425012377,TRUE
FD 0.4 mm / 10% (primary),Confusability,within_cAge,t,0.00267171789707308,0.20947401980896355,0.20680230191189047,TRUE
FD 0.4 mm / 10% (primary),Confusability,within_cAge,p,0.9978692442733909,0.8341521271272789,-0.16371711714611192,TRUE
FD 0.4 mm / 10% (primary),Confusability,within_cAge,n_observations,724,724,0,FALSE
FD 0.4 mm / 10% (primary),Confusability,within_cAge,n_participants,218,218,0,FALSE
FD 0.4 mm / 10% (primary),Confusability,between_cAge,estimate,-1.074030087685262e-4,-1.1174911665243286e-4,-4.346107883906658e-6,TRUE
FD 0.4 mm / 10% (primary),Confusability,between_cAge,se,4.404069049680016e-4,4.398004995413412e-4,-6.064054266603975e-7,TRUE
FD 0.4 mm / 10% (primary),Confusability,between_cAge,df,257.090925392791,257.20903221024474,0.11810681745373586,TRUE
FD 0.4 mm / 10% (primary),Confusability,between_cAge,t,-0.243872218071444,-0.2540904723140917,-0.010218254242647717,TRUE
FD 0.4 mm / 10% (primary),Confusability,between_cAge,p,0.8075242819216724,0.7996286709747871,-0.00789561094688529,TRUE
FD 0.4 mm / 10% (primary),Confusability,between_cAge,n_observations,724,724,0,FALSE
FD 0.4 mm / 10% (primary),Confusability,between_cAge,n_participants,218,218,0,FALSE
FD 0.4 mm / 10% (primary),Confusability,Sex_M1,estimate,-0.02253296852863513,-0.02254218774172563,-9.219213090501388e-6,TRUE
FD 0.4 mm / 10% (primary),Confusability,Sex_M1,se,0.01808547393175158,0.01808072671977841,-4.747211973171045e-6,TRUE
FD 0.4 mm / 10% (primary),Confusability,Sex_M1,df,211.89129285959035,211.8019843704376,-0.08930848915275647,TRUE
FD 0.4 mm / 10% (primary),Confusability,Sex_M1,t,-1.2459152916681575,-1.246752306535713,-8.370148675553857e-4,TRUE
FD 0.4 mm / 10% (primary),Confusability,Sex_M1,p,0.2141713092587876,0.21386533990320097,-3.0596935558663274e-4,TRUE
FD 0.4 mm / 10% (primary),Confusability,Sex_M1,n_observations,724,724,0,FALSE
FD 0.4 mm / 10% (primary),Confusability,Sex_M1,n_participants,218,218,0,FALSE
FD 0.4 mm / 10% (primary),Confusability,Education,estimate,-0.00535103368771593,-0.00533629077029746,1.4742917418470065e-5,TRUE
FD 0.4 mm / 10% (primary),Confusability,Education,se,0.00440419495444453,0.00440241776195388,-1.777192490649837e-6,TRUE
FD 0.4 mm / 10% (primary),Confusability,Education,df,190.88728355225615,190.77254092687215,-0.11474262538399671,TRUE
FD 0.4 mm / 10% (primary),Confusability,Education,t,-1.2149856541468227,-1.212127303413639,0.0028583507331836344,TRUE
FD 0.4 mm / 10% (primary),Confusability,Education,p,0.22587226645412936,0.22696271929526304,0.0010904528411336822,TRUE
FD 0.4 mm / 10% (primary),Confusability,Education,n_observations,724,724,0,FALSE
FD 0.4 mm / 10% (primary),Confusability,Education,n_participants,218,218,0,FALSE
FD 0.4 mm / 10% (primary),Confusability,aud_mot,estimate,-0.4396587871772633,-0.4395989563937579,5.983078350541016e-5,TRUE
FD 0.4 mm / 10% (primary),Confusability,aud_mot,se,0.01186977945228041,0.0118682329244313,-1.5465278491097467e-6,TRUE
FD 0.4 mm / 10% (primary),Confusability,aud_mot,df,576.2359030130463,576.5307096795963,0.2948066665500164,TRUE
FD 0.4 mm / 10% (primary),Confusability,aud_mot,t,-37.04018166005572,-37.03996704419435,2.1461586137405675e-4,TRUE
FD 0.4 mm / 10% (primary),Confusability,aud_mot,p,1.4880189205293084e-154,1.3824866506493748e-154,-1.0553226987993363e-155,FALSE
FD 0.4 mm / 10% (primary),Confusability,aud_mot,n_observations,724,724,0,FALSE
FD 0.4 mm / 10% (primary),Confusability,aud_mot,n_participants,218,218,0,FALSE
FD 0.4 mm / 10% (primary),Confusability,aud_vis,estimate,0.02344212913421859,0.02345755315189892,1.5424017680329416e-5,TRUE
FD 0.4 mm / 10% (primary),Confusability,aud_vis,se,0.01177043330981104,0.01177050820845757,7.489864652966693e-8,TRUE
FD 0.4 mm / 10% (primary),Confusability,aud_vis,df,574.5522571705112,574.5583026579308,0.006045487419555684,TRUE
FD 0.4 mm / 10% (primary),Confusability,aud_vis,t,1.9916113975752112,1.9929091196796205,0.0012977221044092602,TRUE
FD 0.4 mm / 10% (primary),Confusability,aud_vis,p,0.0468866786950337,0.04674394150716331,-1.427371878703898e-4,TRUE
FD 0.4 mm / 10% (primary),Confusability,aud_vis,n_observations,724,724,0,FALSE
FD 0.4 mm / 10% (primary),Confusability,aud_vis,n_participants,218,218,0,FALSE
FD 0.4 mm / 10% (primary),Distinctiveness,(Intercept),estimate,0.5670912535365619,0.5659290905579866,-0.0011621629785752985,TRUE
FD 0.4 mm / 10% (primary),Distinctiveness,(Intercept),se,0.11572366128684718,0.11572619879663172,2.5375097845448114e-6,TRUE
FD 0.4 mm / 10% (primary),Distinctiveness,(Intercept),df,203.05287110364927,203.0537836151865,9.125115372228265e-4,TRUE
FD 0.4 mm / 10% (primary),Distinctiveness,(Intercept),t,4.900391564097669,4.890241764118656,-0.010149799979012997,TRUE
FD 0.4 mm / 10% (primary),Distinctiveness,(Intercept),p,1.9522875514104825e-6,2.0444950000703763e-6,9.220744865989379e-8,TRUE
FD 0.4 mm / 10% (primary),Distinctiveness,(Intercept),n_observations,724,724,0,FALSE
FD 0.4 mm / 10% (primary),Distinctiveness,(Intercept),n_participants,218,218,0,FALSE
FD 0.4 mm / 10% (primary),Distinctiveness,within_cAge,estimate,-0.00974765928359158,-0.00921934339631233,5.283158872792498e-4,TRUE
FD 0.4 mm / 10% (primary),Distinctiveness,within_cAge,se,0.00709073782134838,0.00704238627143485,-4.835154991352994e-5,TRUE
FD 0.4 mm / 10% (primary),Distinctiveness,within_cAge,df,528.8127282613938,543.8817014447145,15.068973183320736,TRUE
FD 0.4 mm / 10% (primary),Distinctiveness,within_cAge,t,-1.3747031027213965,-1.309122084613221,0.06558101810817552,TRUE
FD 0.4 mm / 10% (primary),Distinctiveness,within_cAge,p,0.1698057268790076,0.1910458118559566,0.021240084976948986,TRUE
FD 0.4 mm / 10% (primary),Distinctiveness,within_cAge,n_observations,724,724,0,FALSE
FD 0.4 mm / 10% (primary),Distinctiveness,within_cAge,n_participants,218,218,0,FALSE
FD 0.4 mm / 10% (primary),Distinctiveness,between_cAge,estimate,-0.00306744296175026,-0.00307940172272679,-1.1958760976530335e-5,TRUE
FD 0.4 mm / 10% (primary),Distinctiveness,between_cAge,se,6.204227711985657e-4,6.198263591532373e-4,-5.964120453283645e-7,TRUE
FD 0.4 mm / 10% (primary),Distinctiveness,between_cAge,df,232.12951574475045,232.1347224656133,0.0052067208628443495,TRUE
FD 0.4 mm / 10% (primary),Distinctiveness,between_cAge,t,-4.944117308628778,-4.968168386600494,-0.02405107797171624,TRUE
FD 0.4 mm / 10% (primary),Distinctiveness,between_cAge,p,1.466493605273512e-6,1.3112859555836665e-6,-1.5520764968984557e-7,TRUE
FD 0.4 mm / 10% (primary),Distinctiveness,between_cAge,n_observations,724,724,0,FALSE
FD 0.4 mm / 10% (primary),Distinctiveness,between_cAge,n_participants,218,218,0,FALSE
FD 0.4 mm / 10% (primary),Distinctiveness,Sex_M1,estimate,0.0111899914385608,0.01130759286258068,1.1760142401988014e-4,TRUE
FD 0.4 mm / 10% (primary),Distinctiveness,Sex_M1,se,0.02586856806860447,0.02587471145119218,6.143382587708163e-6,TRUE
FD 0.4 mm / 10% (primary),Distinctiveness,Sex_M1,df,215.52432878359016,215.50038536745305,-0.023943416137115037,TRUE
FD 0.4 mm / 10% (primary),Distinctiveness,Sex_M1,t,0.43257096445711646,0.4370132932268773,0.0044423287697608616,TRUE
FD 0.4 mm / 10% (primary),Distinctiveness,Sex_M1,p,0.6657590081188614,0.6625392938233396,-0.003219714295521703,TRUE
FD 0.4 mm / 10% (primary),Distinctiveness,Sex_M1,n_observations,724,724,0,FALSE
FD 0.4 mm / 10% (primary),Distinctiveness,Sex_M1,n_participants,218,218,0,FALSE
FD 0.4 mm / 10% (primary),Distinctiveness,Education,estimate,0.00909700011395965,0.00913748857528132,4.048846132167008e-5,TRUE
FD 0.4 mm / 10% (primary),Distinctiveness,Education,se,0.00635657689166963,0.00635739541448948,8.185228198504327e-7,TRUE
FD 0.4 mm / 10% (primary),Distinctiveness,Education,df,206.0842067524557,206.05142114650863,-0.03278560594708324,TRUE
FD 0.4 mm / 10% (primary),Distinctiveness,Education,t,1.431116191779474,1.4373006521594638,0.006184460379989876,TRUE
FD 0.4 mm / 10% (primary),Distinctiveness,Education,p,0.15391157495880747,0.15214938683902926,-0.001762188119778213,TRUE
FD 0.4 mm / 10% (primary),Distinctiveness,Education,n_observations,724,724,0,FALSE
FD 0.4 mm / 10% (primary),Distinctiveness,Education,n_participants,218,218,0,FALSE
FD 0.4 mm / 10% (primary),Distinctiveness,aud_mot,estimate,0.5201701591850568,0.5202386594572199,6.850027216309673e-5,TRUE
FD 0.4 mm / 10% (primary),Distinctiveness,aud_mot,se,0.01342493218079934,0.01342391485335721,-1.0173274421296924e-6,TRUE
FD 0.4 mm / 10% (primary),Distinctiveness,aud_mot,df,550.0036432306952,550.1679752463061,0.16433201561096666,TRUE
FD 0.4 mm / 10% (primary),Distinctiveness,aud_mot,t,38.74657630889314,38.75461556038643,0.008039251493293875,TRUE
FD 0.4 mm / 10% (primary),Distinctiveness,aud_mot,p,2.457370548674654e-159,2.1541162143430228e-159,-3.032543343316313e-160,FALSE
FD 0.4 mm / 10% (primary),Distinctiveness,aud_mot,n_observations,724,724,0,FALSE
FD 0.4 mm / 10% (primary),Distinctiveness,aud_mot,n_participants,218,218,0,FALSE
FD 0.4 mm / 10% (primary),Distinctiveness,aud_vis,estimate,-0.06063022869621731,-0.0605959635328647,3.426516335260782e-5,TRUE
FD 0.4 mm / 10% (primary),Distinctiveness,aud_vis,se,0.01330799598674913,0.01330804206184635,4.607509722018288e-8,TRUE
FD 0.4 mm / 10% (primary),Distinctiveness,aud_vis,df,548.856852386161,548.8386921764583,-0.018160209702728025,TRUE
FD 0.4 mm / 10% (primary),Distinctiveness,aud_vis,t,-4.555924780604628,-4.553334235889666,0.0025905447149625616,TRUE
FD 0.4 mm / 10% (primary),Distinctiveness,aud_vis,p,6.432144373064129e-6,6.5090091904438185e-6,7.686481737968995e-8,TRUE
FD 0.4 mm / 10% (primary),Distinctiveness,aud_vis,n_observations,724,724,0,FALSE
FD 0.4 mm / 10% (primary),Distinctiveness,aud_vis,n_participants,218,218,0,FALSE
FD 0.5 mm / 20% (liberal),Reliability,(Intercept),estimate,0.540695896433574,0.540437214401114,-2.586820324599337e-4,TRUE
FD 0.5 mm / 20% (liberal),Reliability,(Intercept),se,0.08976258050049857,0.08979180861856828,2.9228118069712927e-5,TRUE
FD 0.5 mm / 20% (liberal),Reliability,(Intercept),df,223.93807284688165,223.9588778750839,0.020805028202261155,TRUE
FD 0.5 mm / 20% (liberal),Reliability,(Intercept),t,6.023622465160422,6.0187808076889056,-0.004841657471516214,TRUE
FD 0.5 mm / 20% (liberal),Reliability,(Intercept),p,6.931935532364871e-9,7.1118684695310525e-9,1.7993293716618188e-10,TRUE
FD 0.5 mm / 20% (liberal),Reliability,(Intercept),n_observations,841,841,0,FALSE
FD 0.5 mm / 20% (liberal),Reliability,(Intercept),n_participants,226,226,0,FALSE
FD 0.5 mm / 20% (liberal),Reliability,within_cAge,estimate,-0.00934165453638135,-0.00914739235299208,1.9426218338926965e-4,TRUE
FD 0.5 mm / 20% (liberal),Reliability,within_cAge,se,0.00398038954835454,0.00397915714989565,-1.2323984588894638e-6,TRUE
FD 0.5 mm / 20% (liberal),Reliability,within_cAge,df,623.0934120396339,623.9118113818187,0.8183993421847617,TRUE
FD 0.5 mm / 20% (liberal),Reliability,within_cAge,t,-2.3469196727850665,-2.298826612875032,0.04809305991003443,TRUE
FD 0.5 mm / 20% (liberal),Reliability,within_cAge,p,0.01924148850092313,0.02184439961716599,0.0026029111162428585,TRUE
FD 0.5 mm / 20% (liberal),Reliability,within_cAge,n_observations,841,841,0,FALSE
FD 0.5 mm / 20% (liberal),Reliability,within_cAge,n_participants,226,226,0,FALSE
FD 0.5 mm / 20% (liberal),Reliability,between_cAge,estimate,-0.0032316012444719,-0.00323490354102989,-3.3022965579901364e-6,TRUE
FD 0.5 mm / 20% (liberal),Reliability,between_cAge,se,4.814057267417358e-4,4.8152781088346155e-4,1.2208414172572854e-7,TRUE
FD 0.5 mm / 20% (liberal),Reliability,between_cAge,df,241.24217371958312,241.24093860860808,-0.0012351109750454725,TRUE
FD 0.5 mm / 20% (liberal),Reliability,between_cAge,t,-6.712843377132476,-6.717999392589185,-0.005156015456709184,TRUE
FD 0.5 mm / 20% (liberal),Reliability,between_cAge,p,1.3536602419860878e-10,1.3139440314547815e-10,-3.971621053130624e-12,TRUE
FD 0.5 mm / 20% (liberal),Reliability,between_cAge,n_observations,841,841,0,FALSE
FD 0.5 mm / 20% (liberal),Reliability,between_cAge,n_participants,226,226,0,FALSE
FD 0.5 mm / 20% (liberal),Reliability,Sex_M1,estimate,-0.01555758429852687,-0.01560787278570363,-5.02884871767615e-5,TRUE
FD 0.5 mm / 20% (liberal),Reliability,Sex_M1,se,0.02000198639762143,0.02000946984467088,7.483447049448644e-6,TRUE
FD 0.5 mm / 20% (liberal),Reliability,Sex_M1,df,229.69824527779565,229.72026981441644,0.022024536620790514,TRUE
FD 0.5 mm / 20% (liberal),Reliability,Sex_M1,t,-0.7778019637278087,-0.7800243038353399,-0.0022223401075311955,TRUE
FD 0.5 mm / 20% (liberal),Reliability,Sex_M1,p,0.4374861595471514,0.4361795077715067,-0.0013066517756447071,TRUE
FD 0.5 mm / 20% (liberal),Reliability,Sex_M1,n_observations,841,841,0,FALSE
FD 0.5 mm / 20% (liberal),Reliability,Sex_M1,n_participants,226,226,0,FALSE
FD 0.5 mm / 20% (liberal),Reliability,Education,estimate,0.00435193107175022,0.00437116067591408,1.9229604163859514e-5,TRUE
FD 0.5 mm / 20% (liberal),Reliability,Education,se,0.00488733475417864,0.0048887698729215,1.435118742860314e-6,TRUE
FD 0.5 mm / 20% (liberal),Reliability,Education,df,225.76318214581832,225.78077542071645,0.01759327489813245,TRUE
FD 0.5 mm / 20% (liberal),Reliability,Education,t,0.8904507856821849,0.8941228140284516,0.003672028346266676,TRUE
FD 0.5 mm / 20% (liberal),Reliability,Education,p,0.37417181025242285,0.372208296957263,-0.001963513295159869,TRUE
FD 0.5 mm / 20% (liberal),Reliability,Education,n_observations,841,841,0,FALSE
FD 0.5 mm / 20% (liberal),Reliability,Education,n_participants,226,226,0,FALSE
FD 0.5 mm / 20% (liberal),Reliability,aud_mot,estimate,0.07780482496430345,0.07780599076399694,1.1657996934894e-6,TRUE
FD 0.5 mm / 20% (liberal),Reliability,aud_mot,se,0.00749701954459005,0.00749697655377065,-4.2990819400061386e-8,TRUE
FD 0.5 mm / 20% (liberal),Reliability,aud_mot,df,625.852765078725,625.8631706965859,0.01040561786089711,TRUE
FD 0.5 mm / 20% (liberal),Reliability,aud_mot,t,10.378100857486556,10.378315872531823,2.1501504526710846e-4,TRUE
FD 0.5 mm / 20% (liberal),Reliability,aud_mot,p,2.1683489604724006e-23,2.1640498994109874e-23,-4.2990610614131245e-26,FALSE
FD 0.5 mm / 20% (liberal),Reliability,aud_mot,n_observations,841,841,0,FALSE
FD 0.5 mm / 20% (liberal),Reliability,aud_mot,n_participants,226,226,0,FALSE
FD 0.5 mm / 20% (liberal),Reliability,aud_vis,estimate,-0.04251925317658178,-0.04251556561525926,3.6875613225184622e-6,TRUE
FD 0.5 mm / 20% (liberal),Reliability,aud_vis,se,0.00750861393532494,0.00750856762720917,-4.630811576995103e-8,TRUE
FD 0.5 mm / 20% (liberal),Reliability,aud_vis,df,626.6416305421353,626.6531811734172,0.011550631281920687,TRUE
FD 0.5 mm / 20% (liberal),Reliability,aud_vis,t,-5.662729971579194,-5.66227378191194,4.561896672532484e-4,TRUE
FD 0.5 mm / 20% (liberal),Reliability,aud_vis,p,2.27060816375906e-8,2.2763422945366152e-8,5.734130777555373e-11,TRUE
FD 0.5 mm / 20% (liberal),Reliability,aud_vis,n_observations,841,841,0,FALSE
FD 0.5 mm / 20% (liberal),Reliability,aud_vis,n_participants,226,226,0,FALSE
FD 0.5 mm / 20% (liberal),Confusability,(Intercept),estimate,0.02659989708506219,0.02660274737450213,2.850289439939452e-6,TRUE
FD 0.5 mm / 20% (liberal),Confusability,(Intercept),se,0.07190029785974936,0.07189850644081774,-1.7914189316126095e-6,TRUE
FD 0.5 mm / 20% (liberal),Confusability,(Intercept),df,210.70194794249636,210.7016253565354,-3.2258596095857683e-4,TRUE
FD 0.5 mm / 20% (liberal),Confusability,(Intercept),t,0.36995531140842647,0.37000417242880856,4.8861020382096054e-5,TRUE
FD 0.5 mm / 20% (liberal),Confusability,(Intercept),p,0.7117873754374373,0.7117510237203029,-3.6351717134452954e-5,TRUE
FD 0.5 mm / 20% (liberal),Confusability,(Intercept),n_observations,841,841,0,FALSE
FD 0.5 mm / 20% (liberal),Confusability,(Intercept),n_participants,226,226,0,FALSE
FD 0.5 mm / 20% (liberal),Confusability,within_cAge,estimate,1.5729817045548563e-4,1.5421019527865366e-4,-3.0879751768319783e-6,TRUE
FD 0.5 mm / 20% (liberal),Confusability,within_cAge,se,0.00578287390385364,0.00577620470838064,-6.669195473000579e-6,TRUE
FD 0.5 mm / 20% (liberal),Confusability,within_cAge,df,661.3743038520232,664.5766417183851,3.2023378663618587,TRUE
FD 0.5 mm / 20% (liberal),Confusability,within_cAge,t,0.02720069174440477,0.02669749481955017,-5.031969248546e-4,TRUE
FD 0.5 mm / 20% (liberal),Confusability,within_cAge,p,0.9783078692129672,0.9787090258000676,4.0115658710038193e-4,TRUE
FD 0.5 mm / 20% (liberal),Confusability,within_cAge,n_observations,841,841,0,FALSE
FD 0.5 mm / 20% (liberal),Confusability,within_cAge,n_participants,226,226,0,FALSE
FD 0.5 mm / 20% (liberal),Confusability,between_cAge,estimate,8.216231891042358e-6,8.245771125395509e-6,2.9539234353151024e-8,TRUE
FD 0.5 mm / 20% (liberal),Confusability,between_cAge,se,4.063869873417712e-4,4.0634560216999465e-4,-4.138517177652151e-8,TRUE
FD 0.5 mm / 20% (liberal),Confusability,between_cAge,df,302.847891115535,302.8132835900574,-0.034607525477611034,TRUE
FD 0.5 mm / 20% (liberal),Confusability,between_cAge,t,0.02021775339015102,0.0202925073665394,7.475397638838019e-5,TRUE
FD 0.5 mm / 20% (liberal),Confusability,between_cAge,p,0.983882979270252,0.9838233972339014,-5.958203635059167e-5,TRUE
FD 0.5 mm / 20% (liberal),Confusability,between_cAge,n_observations,841,841,0,FALSE
FD 0.5 mm / 20% (liberal),Confusability,between_cAge,n_participants,226,226,0,FALSE
FD 0.5 mm / 20% (liberal),Confusability,Sex_M1,estimate,-0.03415953182897946,-0.03415774513895985,1.786690019614512e-6,TRUE
FD 0.5 mm / 20% (liberal),Confusability,Sex_M1,se,0.01625302037788323,0.01625365874625383,6.383683705986354e-7,TRUE
FD 0.5 mm / 20% (liberal),Confusability,Sex_M1,df,227.92524447464908,227.93703162401505,0.011787149365972027,TRUE
FD 0.5 mm / 20% (liberal),Confusability,Sex_M1,t,-2.101734387502709,-2.101541915713751,1.9247178895787087e-4,TRUE
FD 0.5 mm / 20% (liberal),Confusability,Sex_M1,p,0.03667465525918629,0.03669164826592538,1.6993006739088323e-5,TRUE
FD 0.5 mm / 20% (liberal),Confusability,Sex_M1,n_observations,841,841,0,FALSE
FD 0.5 mm / 20% (liberal),Confusability,Sex_M1,n_participants,226,226,0,FALSE
FD 0.5 mm / 20% (liberal),Confusability,Education,estimate,-0.00539980045862487,-0.00540013412157535,-3.336629504800334e-7,TRUE
FD 0.5 mm / 20% (liberal),Confusability,Education,se,0.00393161356325762,0.00393138063577169,-2.329274859302552e-7,TRUE
FD 0.5 mm / 20% (liberal),Confusability,Education,df,215.2769375750831,215.27400948143307,-0.002928093650041319,TRUE
FD 0.5 mm / 20% (liberal),Confusability,Education,t,-1.3734311299279247,-1.3735973750390509,-1.6624511112617313e-4,TRUE
FD 0.5 mm / 20% (liberal),Confusability,Education,p,0.17104699904732087,0.17099544606738276,-5.155297993811314e-5,TRUE
FD 0.5 mm / 20% (liberal),Confusability,Education,n_observations,841,841,0,FALSE
FD 0.5 mm / 20% (liberal),Confusability,Education,n_participants,226,226,0,FALSE
FD 0.5 mm / 20% (liberal),Confusability,aud_mot,estimate,-0.41777774873733103,-0.41777782913010447,-8.039277343829809e-8,TRUE
FD 0.5 mm / 20% (liberal),Confusability,aud_mot,se,0.01087104556783948,0.01087104010198133,-5.465858149769631e-9,TRUE
FD 0.5 mm / 20% (liberal),Confusability,aud_mot,df,666.5546962088274,666.5560189119234,0.0013227030959797048,TRUE
FD 0.5 mm / 20% (liberal),Confusability,aud_mot,t,-38.43031897256229,-38.430345690102,-2.67175397112851e-5,TRUE
FD 0.5 mm / 20% (liberal),Confusability,aud_mot,p,3.211624391972625e-171,3.209579252273179e-171,-2.045139699446033e-174,FALSE
FD 0.5 mm / 20% (liberal),Confusability,aud_mot,n_observations,841,841,0,FALSE
FD 0.5 mm / 20% (liberal),Confusability,aud_mot,n_participants,226,226,0,FALSE
FD 0.5 mm / 20% (liberal),Confusability,aud_vis,estimate,0.01984143064573807,0.0198412159275551,-2.147181829698086e-7,TRUE
FD 0.5 mm / 20% (liberal),Confusability,aud_vis,se,0.01088147344225356,0.0108814440509273,-2.9391326259939343e-8,TRUE
FD 0.5 mm / 20% (liberal),Confusability,aud_vis,df,668.1096303377864,668.1161275369061,0.006497199119735342,TRUE
FD 0.5 mm / 20% (liberal),Confusability,aud_vis,t,1.8234139660436364,1.823399158668123,-1.4807375513292698e-5,TRUE
FD 0.5 mm / 20% (liberal),Confusability,aud_vis,p,0.06868739007879213,0.06868962958798788,2.2395091957561064e-6,TRUE
FD 0.5 mm / 20% (liberal),Confusability,aud_vis,n_observations,841,841,0,FALSE
FD 0.5 mm / 20% (liberal),Confusability,aud_vis,n_participants,226,226,0,FALSE
FD 0.5 mm / 20% (liberal),Distinctiveness,(Intercept),estimate,0.4990416943251117,0.49876570198272985,-2.759923423818478e-4,TRUE
FD 0.5 mm / 20% (liberal),Distinctiveness,(Intercept),se,0.11761852297737029,0.11764272498914624,2.4202011775956156e-5,TRUE
FD 0.5 mm / 20% (liberal),Distinctiveness,(Intercept),df,218.1660344195272,218.1879798878999,0.0219454683727065,TRUE
FD 0.5 mm / 20% (liberal),Distinctiveness,(Intercept),t,4.242883533073503,4.239664645890736,-0.00321888718276675,TRUE
FD 0.5 mm / 20% (liberal),Distinctiveness,(Intercept),p,3.2623724839641016e-5,3.3057515619841026e-5,4.337907802000099e-7,TRUE
FD 0.5 mm / 20% (liberal),Distinctiveness,(Intercept),n_observations,841,841,0,FALSE
FD 0.5 mm / 20% (liberal),Distinctiveness,(Intercept),n_participants,226,226,0,FALSE
FD 0.5 mm / 20% (liberal),Distinctiveness,within_cAge,estimate,-0.00949841783708957,-0.00914625722441556,3.521606126740094e-4,TRUE
FD 0.5 mm / 20% (liberal),Distinctiveness,within_cAge,se,0.00682072613962922,0.00681694582167547,-3.7803179537493695e-6,TRUE
FD 0.5 mm / 20% (liberal),Distinctiveness,within_cAge,df,629.6552678402072,631.1859372682769,1.5306694280697002,TRUE
FD 0.5 mm / 20% (liberal),Distinctiveness,within_cAge,t,-1.3925816170660537,-1.341694281232762,0.05088733583329175,TRUE
FD 0.5 mm / 20% (liberal),Distinctiveness,within_cAge,p,0.16423788818499457,0.18017762766513373,0.01593973948013916,TRUE
FD 0.5 mm / 20% (liberal),Distinctiveness,within_cAge,n_observations,841,841,0,FALSE
FD 0.5 mm / 20% (liberal),Distinctiveness,within_cAge,n_participants,226,226,0,FALSE
FD 0.5 mm / 20% (liberal),Distinctiveness,between_cAge,estimate,-0.00328553224780243,-0.00328914471264561,-3.6124648431800667e-6,TRUE
FD 0.5 mm / 20% (liberal),Distinctiveness,between_cAge,se,6.39801378640862e-4,6.398808204590711e-4,7.944181820913106e-8,TRUE
FD 0.5 mm / 20% (liberal),Distinctiveness,between_cAge,df,253.2057784750532,253.19200852011923,-0.013769954933962936,TRUE
FD 0.5 mm / 20% (liberal),Distinctiveness,between_cAge,t,-5.13523783706427,-5.140245819972973,-0.005007982908702857,TRUE
FD 0.5 mm / 20% (liberal),Distinctiveness,between_cAge,p,5.624527721199446e-7,5.490676034219134e-7,-1.3385168698031207e-8,TRUE
FD 0.5 mm / 20% (liberal),Distinctiveness,between_cAge,n_observations,841,841,0,FALSE
FD 0.5 mm / 20% (liberal),Distinctiveness,between_cAge,n_participants,226,226,0,FALSE
FD 0.5 mm / 20% (liberal),Distinctiveness,Sex_M1,estimate,0.02029138621522144,0.02023766027622231,-5.372593899912945e-5,TRUE
FD 0.5 mm / 20% (liberal),Distinctiveness,Sex_M1,se,0.02632742509918278,0.02633420298089975,6.777881716969747e-6,TRUE
FD 0.5 mm / 20% (liberal),Distinctiveness,Sex_M1,df,227.82732586440537,227.8534729271239,0.026147062718536063,TRUE
FD 0.5 mm / 20% (liberal),Distinctiveness,Sex_M1,t,0.7707318941665623,0.7684933654874889,-0.0022385286790733705,TRUE
FD 0.5 mm / 20% (liberal),Distinctiveness,Sex_M1,p,0.44166439424765,0.44298990188707177,0.0013255076394217413,TRUE
FD 0.5 mm / 20% (liberal),Distinctiveness,Sex_M1,n_observations,841,841,0,FALSE
FD 0.5 mm / 20% (liberal),Distinctiveness,Sex_M1,n_participants,226,226,0,FALSE
FD 0.5 mm / 20% (liberal),Distinctiveness,Education,estimate,0.01044316534815515,0.01046373166431723,2.056631616208053e-5,TRUE
FD 0.5 mm / 20% (liberal),Distinctiveness,Education,se,0.00641313335614696,0.00641423742298903,1.1040668420701089e-6,TRUE
FD 0.5 mm / 20% (liberal),Distinctiveness,Education,df,221.0948897264749,221.11290841745543,0.018018690980539986,TRUE
FD 0.5 mm / 20% (liberal),Distinctiveness,Education,t,1.628402961267821,1.6313290223424777,0.0029260610746566496,TRUE
FD 0.5 mm / 20% (liberal),Distinctiveness,Education,p,0.10486354266180711,0.10424436578304994,-6.191768787571772e-4,TRUE
FD 0.5 mm / 20% (liberal),Distinctiveness,Education,n_observations,841,841,0,FALSE
FD 0.5 mm / 20% (liberal),Distinctiveness,Education,n_participants,226,226,0,FALSE
FD 0.5 mm / 20% (liberal),Distinctiveness,aud_mot,estimate,0.4963287300533533,0.49633129623735395,2.56618400062969e-6,TRUE
FD 0.5 mm / 20% (liberal),Distinctiveness,aud_mot,se,0.01283755878032,0.01283748210671528,-7.66736047205091e-8,TRUE
FD 0.5 mm / 20% (liberal),Distinctiveness,aud_mot,df,633.5200451189222,633.5263260111809,0.0062808922587009874,TRUE
FD 0.5 mm / 20% (liberal),Distinctiveness,aud_mot,t,38.66223622003789,38.66266703325905,4.308132211576776e-4,TRUE
FD 0.5 mm / 20% (liberal),Distinctiveness,aud_mot,p,7.515943051574223e-169,7.466764869155704e-169,-4.917818241851852e-171,FALSE
FD 0.5 mm / 20% (liberal),Distinctiveness,aud_mot,n_observations,841,841,0,FALSE
FD 0.5 mm / 20% (liberal),Distinctiveness,aud_mot,n_participants,226,226,0,FALSE
FD 0.5 mm / 20% (liberal),Distinctiveness,aud_vis,estimate,-0.0627939879959078,-0.0627877364890607,6.25150684709086e-6,TRUE
FD 0.5 mm / 20% (liberal),Distinctiveness,aud_vis,se,0.01285467074846567,0.01285458221577809,-8.853268758032828e-8,TRUE
FD 0.5 mm / 20% (liberal),Distinctiveness,aud_vis,df,634.7066079604026,634.7153278202902,0.008719859887605708,TRUE
FD 0.5 mm / 20% (liberal),Distinctiveness,aud_vis,t,-4.884916091950692,-4.884463410408872,4.52681541819544e-4,TRUE
FD 0.5 mm / 20% (liberal),Distinctiveness,aud_vis,p,1.3114245793192037e-6,1.3143270082641491e-6,2.902428944945429e-9,TRUE
FD 0.5 mm / 20% (liberal),Distinctiveness,aud_vis,n_observations,841,841,0,FALSE
FD 0.5 mm / 20% (liberal),Distinctiveness,aud_vis,n_participants,226,226,0,FALSE
