motion_rule,outcome,term,old_estimate,old_se,old_df,old_t,old_p,old_n_observations,old_n_participants,corrected_estimate,corrected_se,corrected_df,corrected_t,corrected_p,corrected_n_observations,corrected_n_participants,numerical_change,significance_changed,sign_changed
FD 0.4 mm / 10% (primary),Reliability,(Intercept),0.5857192414636381,0.08394534888605341,208.5990582590808,6.977387660377558,3.920036544365996e-11,724,218,0.5842953881503682,0.0840351939586382,208.5747365790422,6.952984346510298,4.5130466871311326e-11,724,218,TRUE,FALSE,FALSE
FD 0.4 mm / 10% (primary),Reliability,within_cAge,-0.00977607194844724,0.00430484207943095,518.5188404639355,-2.2709478694139476,0.02355933845098828,724,218,-0.00889122329244659,0.00428482123694188,528.6951427969236,-2.0750511633461626,0.03846485490984026,724,218,TRUE,FALSE,FALSE
FD 0.4 mm / 10% (primary),Reliability,between_cAge,-0.00318125224885067,4.4618124651911754e-4,223.32562511268915,-7.1299550881378515,1.3777397195306231e-11,724,218,-0.00319795203521772,4.4620471130793574e-4,223.22798389518695,-7.167006430397708,1.1072591466781099e-11,724,218,TRUE,FALSE,FALSE
FD 0.4 mm / 10% (primary),Reliability,Sex_M1,-0.01246867702101225,0.01868926059591496,215.67033014319225,-0.6671573204847714,0.5053848208371093,724,218,-0.01234478017249227,0.01871311092632323,215.60830050484785,-0.6596861537932317,0.5101592882759309,724,218,TRUE,FALSE,FALSE
FD 0.4 mm / 10% (primary),Reliability,Education,0.00267932006895038,0.004605175370783,211.44543825784345,0.5818063055641733,0.5613169239709448,724,218,0.00273417567005776,0.00461061774906574,211.39813846729157,0.593017209160702,0.5538035101100507,724,218,TRUE,FALSE,FALSE
FD 0.4 mm / 10% (primary),Reliability,aud_mot,0.07922164310183546,0.00817820574462036,536.8792295867572,9.686922238896663,1.4682374205658194e-20,724,218,0.07929407690584647,0.00817803528529148,536.8838623234464,9.695981264407113,1.361427737300298e-20,724,218,TRUE,FALSE,FALSE
FD 0.4 mm / 10% (primary),Reliability,aud_vis,-0.03767521712044475,0.00810566455121346,536.1468086982002,-4.648010891939088,4.224002094615787e-6,724,218,-0.03764425994074184,0.00810591973438771,536.0298845070356,-4.644045484566509,4.302937247222753e-6,724,218,TRUE,FALSE,FALSE
FD 0.4 mm / 10% (primary),Confusability,(Intercept),4.8718582136432194e-4,0.08002297300563198,187.84351731189236,0.00608807449993183,0.9951489100775542,724,218,2.987280719511262e-4,0.07998412552914483,187.7868913455135,0.00373484200739651,0.997023998749334,724,218,TRUE,FALSE,FALSE
FD 0.4 mm / 10% (primary),Confusability,within_cAge,1.684130200493568e-5,0.00630354799935488,552.5955966906761,0.00267171789707308,0.9978692442733909,724,218,0.00130526176054737,0.00623113912521346,577.1881581156885,0.20947401980896355,0.8341521271272789,724,218,TRUE,FALSE,FALSE
FD 0.4 mm / 10% (primary),Confusability,between_cAge,-1.074030087685262e-4,4.404069049680016e-4,257.090925392791,-0.243872218071444,0.8075242819216724,724,218,-1.1174911665243286e-4,4.398004995413412e-4,257.20903221024474,-0.2540904723140917,0.7996286709747871,724,218,TRUE,FALSE,FALSE
FD 0.4 mm / 10% (primary),Confusability,Sex_M1,-0.02253296852863513,0.01808547393175158,211.89129285959035,-1.2459152916681575,0.2141713092587876,724,218,-0.02254218774172563,0.01808072671977841,211.8019843704376,-1.246752306535713,0.21386533990320097,724,218,TRUE,FALSE,FALSE
FD 0.4 mm / 10% (primary),Confusability,Education,-0.00535103368771593,0.00440419495444453,190.88728355225615,-1.2149856541468227,0.22587226645412936,724,218,-0.00533629077029746,0.00440241776195388,190.77254092687215,-1.212127303413639,0.22696271929526304,724,218,TRUE,FALSE,FALSE
FD 0.4 mm / 10% (primary),Confusability,aud_mot,-0.4396587871772633,0.01186977945228041,576.2359030130463,-37.04018166005572,1.4880189205293084e-154,724,218,-0.4395989563937579,0.0118682329244313,576.5307096795963,-37.03996704419435,1.3824866506493748e-154,724,218,TRUE,FALSE,FALSE
FD 0.4 mm / 10% (primary),Confusability,aud_vis,0.02344212913421859,0.01177043330981104,574.5522571705112,1.9916113975752112,0.0468866786950337,724,218,0.02345755315189892,0.01177050820845757,574.5583026579308,1.9929091196796205,0.04674394150716331,724,218,TRUE,FALSE,FALSE
FD 0.4 mm / 10% (primary),Distinctiveness,(Intercept),0.5670912535365619,0.11572366128684718,203.05287110364927,4.900391564097669,1.9522875514104825e-6,724,218,0.5659290905579866,0.11572619879663172,203.0537836151865,4.890241764118656,2.0444950000703763e-6,724,218,TRUE,FALSE,FALSE
FD 0.4 mm / 10% (primary),Distinctiveness,within_cAge,-0.00974765928359158,0.00709073782134838,528.8127282613938,-1.3747031027213965,0.1698057268790076,724,218,-0.00921934339631233,0.00704238627143485,543.8817014447145,-1.309122084613221,0.1910458118559566,724,218,TRUE,FALSE,FALSE
FD 0.4 mm / 10% (primary),Distinctiveness,between_cAge,-0.00306744296175026,6.204227711985657e-4,232.12951574475045,-4.944117308628778,1.466493605273512e-6,724,218,-0.00307940172272679,6.198263591532373e-4,232.1347224656133,-4.968168386600494,1.3112859555836665e-6,724,218,TRUE,FALSE,FALSE
FD 0.4 mm / 10% (primary),Distinctiveness,Sex_M1,0.0111899914385608,0.02586856806860447,215.52432878359016,0.43257096445711646,0.6657590081188614,724,218,0.01130759286258068,0.02587471145119218,215.50038536745305,0.4370132932268773,0.6625392938233396,724,218,TRUE,FALSE,FALSE
FD 0.4 mm / 10% (primary),Distinctiveness,Education,0.00909700011395965,0.00635657689166963,206.0842067524557,1.431116191779474,0.15391157495880747,724,218,0.00913748857528132,0.00635739541448948,206.05142114650863,1.4373006521594638,0.15214938683902926,724,218,TRUE,FALSE,FALSE
FD 0.4 mm / 10% (primary),Distinctiveness,aud_mot,0.5201701591850568,0.01342493218079934,550.0036432306952,38.74657630889314,2.457370548674654e-159,724,218,0.5202386594572199,0.01342391485335721,550.1679752463061,38.75461556038643,2.1541162143430228e-159,724,218,TRUE,FALSE,FALSE
FD 0.4 mm / 10% (primary),Distinctiveness,aud_vis,-0.06063022869621731,0.01330799598674913,548.856852386161,-4.555924780604628,6.432144373064129e-6,724,218,-0.0605959635328647,0.01330804206184635,548.8386921764583,-4.553334235889666,6.5090091904438185e-6,724,218,TRUE,FALSE,FALSE
FD 0.5 mm / 20% (liberal),Reliability,(Intercept),0.540695896433574,0.08976258050049857,223.93807284688165,6.023622465160422,6.931935532364871e-9,841,226,0.540437214401114,0.08979180861856828,223.9588778750839,6.0187808076889056,7.1118684695310525e-9,841,226,TRUE,FALSE,FALSE
FD 0.5 mm / 20% (liberal),Reliability,within_cAge,-0.00934165453638135,0.00398038954835454,623.0934120396339,-2.3469196727850665,0.01924148850092313,841,226,-0.00914739235299208,0.00397915714989565,623.9118113818187,-2.298826612875032,0.02184439961716599,841,226,TRUE,FALSE,FALSE
FD 0.5 mm / 20% (liberal),Reliability,between_cAge,-0.0032316012444719,4.814057267417358e-4,241.24217371958312,-6.712843377132476,1.3536602419860878e-10,841,226,-0.00323490354102989,4.8152781088346155e-4,241.24093860860808,-6.717999392589185,1.3139440314547815e-10,841,226,TRUE,FALSE,FALSE
FD 0.5 mm / 20% (liberal),Reliability,Sex_M1,-0.01555758429852687,0.02000198639762143,229.69824527779565,-0.7778019637278087,0.4374861595471514,841,226,-0.01560787278570363,0.02000946984467088,229.72026981441644,-0.7800243038353399,0.4361795077715067,841,226,TRUE,FALSE,FALSE
FD 0.5 mm / 20% (liberal),Reliability,Education,0.00435193107175022,0.00488733475417864,225.76318214581832,0.8904507856821849,0.37417181025242285,841,226,0.00437116067591408,0.0048887698729215,225.78077542071645,0.8941228140284516,0.372208296957263,841,226,TRUE,FALSE,FALSE
FD 0.5 mm / 20% (liberal),Reliability,aud_mot,0.07780482496430345,0.00749701954459005,625.852765078725,10.378100857486556,2.1683489604724006e-23,841,226,0.07780599076399694,0.00749697655377065,625.8631706965859,10.378315872531823,2.1640498994109874e-23,841,226,TRUE,FALSE,FALSE
FD 0.5 mm / 20% (liberal),Reliability,aud_vis,-0.04251925317658178,0.00750861393532494,626.6416305421353,-5.662729971579194,2.27060816375906e-8,841,226,-0.04251556561525926,0.00750856762720917,626.6531811734172,-5.66227378191194,2.2763422945366152e-8,841,226,TRUE,FALSE,FALSE
FD 0.5 mm / 20% (liberal),Confusability,(Intercept),0.02659989708506219,0.07190029785974936,210.70194794249636,0.36995531140842647,0.7117873754374373,841,226,0.02660274737450213,0.07189850644081774,210.7016253565354,0.37000417242880856,0.7117510237203029,841,226,TRUE,FALSE,FALSE
FD 0.5 mm / 20% (liberal),Confusability,within_cAge,1.5729817045548563e-4,0.00578287390385364,661.3743038520232,0.02720069174440477,0.9783078692129672,841,226,1.5421019527865366e-4,0.00577620470838064,664.5766417183851,0.02669749481955017,0.9787090258000676,841,226,TRUE,FALSE,FALSE
FD 0.5 mm / 20% (liberal),Confusability,between_cAge,8.216231891042358e-6,4.063869873417712e-4,302.847891115535,0.02021775339015102,0.983882979270252,841,226,8.245771125395509e-6,4.0634560216999465e-4,302.8132835900574,0.0202925073665394,0.9838233972339014,841,226,TRUE,FALSE,FALSE
FD 0.5 mm / 20% (liberal),Confusability,Sex_M1,-0.03415953182897946,0.01625302037788323,227.92524447464908,-2.101734387502709,0.03667465525918629,841,226,-0.03415774513895985,0.01625365874625383,227.93703162401505,-2.101541915713751,0.03669164826592538,841,226,TRUE,FALSE,FALSE
FD 0.5 mm / 20% (liberal),Confusability,Education,-0.00539980045862487,0.00393161356325762,215.2769375750831,-1.3734311299279247,0.17104699904732087,841,226,-0.00540013412157535,0.00393138063577169,215.27400948143307,-1.3735973750390509,0.17099544606738276,841,226,TRUE,FALSE,FALSE
FD 0.5 mm / 20% (liberal),Confusability,aud_mot,-0.41777774873733103,0.01087104556783948,666.5546962088274,-38.43031897256229,3.211624391972625e-171,841,226,-0.41777782913010447,0.01087104010198133,666.5560189119234,-38.430345690102,3.209579252273179e-171,841,226,TRUE,FALSE,FALSE
FD 0.5 mm / 20% (liberal),Confusability,aud_vis,0.01984143064573807,0.01088147344225356,668.1096303377864,1.8234139660436364,0.06868739007879213,841,226,0.0198412159275551,0.0108814440509273,668.1161275369061,1.823399158668123,0.06868962958798788,841,226,TRUE,FALSE,FALSE
FD 0.5 mm / 20% (liberal),Distinctiveness,(Intercept),0.4990416943251117,0.11761852297737029,218.1660344195272,4.242883533073503,3.2623724839641016e-5,841,226,0.49876570198272985,0.11764272498914624,218.1879798878999,4.239664645890736,3.3057515619841026e-5,841,226,TRUE,FALSE,FALSE
FD 0.5 mm / 20% (liberal),Distinctiveness,within_cAge,-0.00949841783708957,0.00682072613962922,629.6552678402072,-1.3925816170660537,0.16423788818499457,841,226,-0.00914625722441556,0.00681694582167547,631.1859372682769,-1.341694281232762,0.18017762766513373,841,226,TRUE,FALSE,FALSE
FD 0.5 mm / 20% (liberal),Distinctiveness,between_cAge,-0.00328553224780243,6.39801378640862e-4,253.2057784750532,-5.13523783706427,5.624527721199446e-7,841,226,-0.00328914471264561,6.398808204590711e-4,253.19200852011923,-5.140245819972973,5.490676034219134e-7,841,226,TRUE,FALSE,FALSE
FD 0.5 mm / 20% (liberal),Distinctiveness,Sex_M1,0.02029138621522144,0.02632742509918278,227.82732586440537,0.7707318941665623,0.44166439424765,841,226,0.02023766027622231,0.02633420298089975,227.8534729271239,0.7684933654874889,0.44298990188707177,841,226,TRUE,FALSE,FALSE
FD 0.5 mm / 20% (liberal),Distinctiveness,Education,0.01044316534815515,0.00641313335614696,221.0948897264749,1.628402961267821,0.10486354266180711,841,226,0.01046373166431723,0.00641423742298903,221.11290841745543,1.6313290223424777,0.10424436578304994,841,226,TRUE,FALSE,FALSE
FD 0.5 mm / 20% (liberal),Distinctiveness,aud_mot,0.4963287300533533,0.01283755878032,633.5200451189222,38.66223622003789,7.515943051574223e-169,841,226,0.49633129623735395,0.01283748210671528,633.5263260111809,38.66266703325905,7.466764869155704e-169,841,226,TRUE,FALSE,FALSE
FD 0.5 mm / 20% (liberal),Distinctiveness,aud_vis,-0.0627939879959078,0.01285467074846567,634.7066079604026,-4.884916091950692,1.3114245793192037e-6,841,226,-0.0627877364890607,0.01285458221577809,634.7153278202902,-4.884463410408872,1.3143270082641491e-6,841,226,TRUE,FALSE,FALSE
