rule,Subject,SubNum,Wave_Num,age,Modality,Reliability,Confusability,Distinctiveness,all_outcomes_missing,subject_motion_rows,same_modality_motion_rows,alternative_sessions_runs,normalized_placebo_match,reason
primary,mindo107,107,1,71,Aud,,,,True,7,1,drug/001,False,Only drug session available for this modality
primary,mindb114,114,2,70,Aud,,,,True,0,0,,False,No motion record for this subject/modality
primary,mindb114,114,2,70,Mot,,,,True,0,0,,False,No motion record for this subject/modality
primary,mindb114,114,2,70,Vis,,,,True,0,0,,False,No motion record for this subject/modality
primary,mindb143,143,2,70,Aud,,,,True,0,0,,False,No motion record for this subject/modality
primary,mindb143,143,2,70,Mot,,,,True,0,0,,False,No motion record for this subject/modality
primary,mindb143,143,2,70,Vis,,,,True,0,0,,False,No motion record for this subject/modality
primary,mindb155,155,2,70,Aud,,,,True,0,0,,False,No motion record for this subject/modality
primary,mindb155,155,2,70,Mot,,,,True,0,0,,False,No motion record for this subject/modality
primary,mindb155,155,2,70,Vis,,,,True,0,0,,False,No motion record for this subject/modality
primary,mindb164,164,2,81,Aud,,,,True,0,0,,False,No motion record for this subject/modality
primary,mindb164,164,2,81,Mot,,,,True,0,0,,False,No motion record for this subject/modality
primary,mindb164,164,2,81,Vis,,,,True,0,0,,False,No motion record for this subject/modality
primary,mindo175,175,1,68,Aud,,,,True,0,0,,False,No motion record for this subject/modality
primary,mindo175,175,1,68,Mot,,,,True,0,0,,False,No motion record for this subject/modality
primary,mindo175,175,1,68,Vis,,,,True,0,0,,False,No motion record for this subject/modality
primary,mindo177,177,1,65,Aud,,,,True,0,0,,False,No motion record for this subject/modality
primary,mindo177,177,1,65,Mot,,,,True,0,0,,False,No motion record for this subject/modality
primary,mindo177,177,1,65,Vis,,,,True,0,0,,False,No motion record for this subject/modality
primary,mindo186,186,1,68,Aud,,,,True,0,0,,False,No motion record for this subject/modality
primary,mindo186,186,1,68,Mot,,,,True,0,0,,False,No motion record for this subject/modality
primary,mindo186,186,1,68,Vis,,,,True,0,0,,False,No motion record for this subject/modality
primary,mindo201,201,1,65,Aud,,,,True,0,0,,False,No motion record for this subject/modality
primary,mindo201,201,1,65,Mot,,,,True,0,0,,False,No motion record for this subject/modality
primary,mindo201,201,1,65,Vis,,,,True,0,0,,False,No motion record for this subject/modality
primary,mindy207,207,1,20,Aud,,,,True,0,0,,False,No motion record for this subject/modality
primary,mindy207,207,1,20,Mot,,,,True,0,0,,False,No motion record for this subject/modality
primary,mindy207,207,1,20,Vis,,,,True,0,0,,False,No motion record for this subject/modality
primary,mindb225,225,2,89,Aud,,,,True,0,0,,False,No motion record for this subject/modality
primary,mindb225,225,2,89,Mot,,,,True,0,0,,False,No motion record for this subject/modality
primary,mindb225,225,2,89,Vis,,,,True,0,0,,False,No motion record for this subject/modality
primary,mindb245,245,2,70,Aud,,,,True,0,0,,False,No motion record for this subject/modality
primary,mindb245,245,2,70,Mot,,,,True,0,0,,False,No motion record for this subject/modality
primary,mindb245,245,2,70,Vis,,,,True,0,0,,False,No motion record for this subject/modality
primary,mindo247,247,1,67,Aud,,,,True,0,0,,False,No motion record for this subject/modality
primary,mindo247,247,1,67,Mot,,,,True,0,0,,False,No motion record for this subject/modality
primary,mindo247,247,1,67,Vis,,,,True,0,0,,False,No motion record for this subject/modality
primary,mindo253,253,1,73,Aud,,,,True,2,0,,False,No motion record for this subject/modality
primary,mindo257,257,1,65,Aud,,,,True,0,0,,False,No motion record for this subject/modality
primary,mindo257,257,1,65,Mot,,,,True,0,0,,False,No motion record for this subject/modality
primary,mindo257,257,1,65,Vis,,,,True,0,0,,False,No motion record for this subject/modality
primary,mindo276,276,1,71,Aud,,,,True,0,0,,False,No motion record for this subject/modality
primary,mindo276,276,1,71,Mot,,,,True,0,0,,False,No motion record for this subject/modality
primary,mindo276,276,1,71,Vis,,,,True,0,0,,False,No motion record for this subject/modality
primary,mindb281,281,2,69,Aud,,,,True,0,0,,False,No motion record for this subject/modality
primary,mindb281,281,2,69,Mot,,,,True,0,0,,False,No motion record for this subject/modality
primary,mindb281,281,2,69,Vis,,,,True,0,0,,False,No motion record for this subject/modality
primary,mindo283,283,1,69,Aud,,,,True,0,0,,False,No motion record for this subject/modality
primary,mindo283,283,1,69,Mot,,,,True,0,0,,False,No motion record for this subject/modality
primary,mindo283,283,1,69,Vis,,,,True,0,0,,False,No motion record for this subject/modality
primary,mindo298,298,1,71,Aud,,,,True,0,0,,False,No motion record for this subject/modality
primary,mindo298,298,1,71,Mot,,,,True,0,0,,False,No motion record for this subject/modality
primary,mindo298,298,1,71,Vis,,,,True,0,0,,False,No motion record for this subject/modality
primary,mindb323,323,2,68,Aud,,,,True,0,0,,False,No motion record for this subject/modality
primary,mindb323,323,2,68,Mot,,,,True,0,0,,False,No motion record for this subject/modality
primary,mindb323,323,2,68,Vis,,,,True,0,0,,False,No motion record for this subject/modality
primary,mindo323,323,1,65,Aud,,,,True,0,0,,False,No motion record for this subject/modality
primary,mindo323,323,1,65,Mot,,,,True,0,0,,False,No motion record for this subject/modality
primary,mindo323,323,1,65,Vis,,,,True,0,0,,False,No motion record for this subject/modality
primary,mindo326,326,1,68,Aud,,,,True,4,0,,False,No motion record for this subject/modality
primary,mindo329,329,1,74,Aud,,,,True,0,0,,False,No motion record for this subject/modality
primary,mindo329,329,1,74,Mot,,,,True,0,0,,False,No motion record for this subject/modality
primary,mindo329,329,1,74,Vis,,,,True,0,0,,False,No motion record for this subject/modality
primary,mindo345,345,1,71,Aud,,,,True,0,0,,False,No motion record for this subject/modality
primary,mindo345,345,1,71,Mot,,,,True,0,0,,False,No motion record for this subject/modality
primary,mindo345,345,1,71,Vis,,,,True,0,0,,False,No motion record for this subject/modality
primary,mindo358,358,1,65,Aud,,,,True,0,0,,False,No motion record for this subject/modality
primary,mindo358,358,1,65,Mot,,,,True,0,0,,False,No motion record for this subject/modality
primary,mindo358,358,1,65,Vis,,,,True,0,0,,False,No motion record for this subject/modality
primary,mindo377,377,1,65,Aud,,,,True,0,0,,False,No motion record for this subject/modality
primary,mindo377,377,1,65,Mot,,,,True,0,0,,False,No motion record for this subject/modality
primary,mindo377,377,1,65,Vis,,,,True,0,0,,False,No motion record for this subject/modality
primary,mindo385,385,1,76,Aud,,,,True,0,0,,False,No motion record for this subject/modality
primary,mindo385,385,1,76,Mot,,,,True,0,0,,False,No motion record for this subject/modality
primary,mindo385,385,1,76,Vis,,,,True,0,0,,False,No motion record for this subject/modality
primary,mindo399,399,1,71,Aud,,,,True,0,0,,False,No motion record for this subject/modality
primary,mindo399,399,1,71,Mot,,,,True,0,0,,False,No motion record for this subject/modality
primary,mindo399,399,1,71,Vis,,,,True,0,0,,False,No motion record for this subject/modality
primary,mindo411,411,1,66,Aud,,,,True,0,0,,False,No motion record for this subject/modality
primary,mindo411,411,1,66,Mot,,,,True,0,0,,False,No motion record for this subject/modality
primary,mindo411,411,1,66,Vis,,,,True,0,0,,False,No motion record for this subject/modality
primary,mindo441,441,1,67,Aud,,,,True,0,0,,False,No motion record for this subject/modality
primary,mindo441,441,1,67,Mot,,,,True,0,0,,False,No motion record for this subject/modality
primary,mindo441,441,1,67,Vis,,,,True,0,0,,False,No motion record for this subject/modality
liberal,mindo107,107,1,71,Aud,,,,True,7,1,drug/001,False,Only drug session available for this modality
liberal,mindb114,114,2,70,Aud,,,,True,0,0,,False,No motion record for this subject/modality
liberal,mindb114,114,2,70,Mot,,,,True,0,0,,False,No motion record for this subject/modality
liberal,mindb114,114,2,70,Vis,,,,True,0,0,,False,No motion record for this subject/modality
liberal,mindb143,143,2,70,Aud,,,,True,0,0,,False,No motion record for this subject/modality
liberal,mindb143,143,2,70,Mot,,,,True,0,0,,False,No motion record for this subject/modality
liberal,mindb143,143,2,70,Vis,,,,True,0,0,,False,No motion record for this subject/modality
liberal,mindb155,155,2,70,Aud,,,,True,0,0,,False,No motion record for this subject/modality
liberal,mindb155,155,2,70,Mot,,,,True,0,0,,False,No motion record for this subject/modality
liberal,mindb155,155,2,70,Vis,,,,True,0,0,,False,No motion record for this subject/modality
liberal,mindb164,164,2,81,Aud,,,,True,0,0,,False,No motion record for this subject/modality
liberal,mindb164,164,2,81,Mot,,,,True,0,0,,False,No motion record for this subject/modality
liberal,mindb164,164,2,81,Vis,,,,True,0,0,,False,No motion record for this subject/modality
liberal,mindo175,175,1,68,Aud,,,,True,0,0,,False,No motion record for this subject/modality
liberal,mindo175,175,1,68,Mot,,,,True,0,0,,False,No motion record for this subject/modality
liberal,mindo175,175,1,68,Vis,,,,True,0,0,,False,No motion record for this subject/modality
liberal,mindo177,177,1,65,Aud,,,,True,0,0,,False,No motion record for this subject/modality
liberal,mindo177,177,1,65,Mot,,,,True,0,0,,False,No motion record for this subject/modality
liberal,mindo177,177,1,65,Vis,,,,True,0,0,,False,No motion record for this subject/modality
liberal,mindo186,186,1,68,Aud,,,,True,0,0,,False,No motion record for this subject/modality
liberal,mindo186,186,1,68,Mot,,,,True,0,0,,False,No motion record for this subject/modality
liberal,mindo186,186,1,68,Vis,,,,True,0,0,,False,No motion record for this subject/modality
liberal,mindo201,201,1,65,Aud,,,,True,0,0,,False,No motion record for this subject/modality
liberal,mindo201,201,1,65,Mot,,,,True,0,0,,False,No motion record for this subject/modality
liberal,mindo201,201,1,65,Vis,,,,True,0,0,,False,No motion record for this subject/modality
liberal,mindy207,207,1,20,Aud,,,,True,0,0,,False,No motion record for this subject/modality
liberal,mindy207,207,1,20,Mot,,,,True,0,0,,False,No motion record for this subject/modality
liberal,mindy207,207,1,20,Vis,,,,True,0,0,,False,No motion record for this subject/modality
liberal,mindb225,225,2,89,Aud,,,,True,0,0,,False,No motion record for this subject/modality
liberal,mindb225,225,2,89,Mot,,,,True,0,0,,False,No motion record for this subject/modality
liberal,mindb225,225,2,89,Vis,,,,True,0,0,,False,No motion record for this subject/modality
liberal,mindb245,245,2,70,Aud,,,,True,0,0,,False,No motion record for this subject/modality
liberal,mindb245,245,2,70,Mot,,,,True,0,0,,False,No motion record for this subject/modality
liberal,mindb245,245,2,70,Vis,,,,True,0,0,,False,No motion record for this subject/modality
liberal,mindo247,247,1,67,Aud,,,,True,0,0,,False,No motion record for this subject/modality
liberal,mindo247,247,1,67,Mot,,,,True,0,0,,False,No motion record for this subject/modality
liberal,mindo247,247,1,67,Vis,,,,True,0,0,,False,No motion record for this subject/modality
liberal,mindo253,253,1,73,Aud,,,,True,2,0,,False,No motion record for this subject/modality
liberal,mindo257,257,1,65,Aud,,,,True,0,0,,False,No motion record for this subject/modality
liberal,mindo257,257,1,65,Mot,,,,True,0,0,,False,No motion record for this subject/modality
liberal,mindo257,257,1,65,Vis,,,,True,0,0,,False,No motion record for this subject/modality
liberal,mindo276,276,1,71,Aud,,,,True,0,0,,False,No motion record for this subject/modality
liberal,mindo276,276,1,71,Mot,,,,True,0,0,,False,No motion record for this subject/modality
liberal,mindo276,276,1,71,Vis,,,,True,0,0,,False,No motion record for this subject/modality
liberal,mindb281,281,2,69,Aud,,,,True,0,0,,False,No motion record for this subject/modality
liberal,mindb281,281,2,69,Mot,,,,True,0,0,,False,No motion record for this subject/modality
liberal,mindb281,281,2,69,Vis,,,,True,0,0,,False,No motion record for this subject/modality
liberal,mindo283,283,1,69,Aud,,,,True,0,0,,False,No motion record for this subject/modality
liberal,mindo283,283,1,69,Mot,,,,True,0,0,,False,No motion record for this subject/modality
liberal,mindo283,283,1,69,Vis,,,,True,0,0,,False,No motion record for this subject/modality
liberal,mindo298,298,1,71,Aud,,,,True,0,0,,False,No motion record for this subject/modality
liberal,mindo298,298,1,71,Mot,,,,True,0,0,,False,No motion record for this subject/modality
liberal,mindo298,298,1,71,Vis,,,,True,0,0,,False,No motion record for this subject/modality
liberal,mindb323,323,2,68,Aud,,,,True,0,0,,False,No motion record for this subject/modality
liberal,mindb323,323,2,68,Mot,,,,True,0,0,,False,No motion record for this subject/modality
liberal,mindb323,323,2,68,Vis,,,,True,0,0,,False,No motion record for this subject/modality
liberal,mindo323,323,1,65,Aud,,,,True,0,0,,False,No motion record for this subject/modality
liberal,mindo323,323,1,65,Mot,,,,True,0,0,,False,No motion record for this subject/modality
liberal,mindo323,323,1,65,Vis,,,,True,0,0,,False,No motion record for this subject/modality
liberal,mindo326,326,1,68,Aud,,,,True,4,0,,False,No motion record for this subject/modality
liberal,mindo329,329,1,74,Aud,,,,True,0,0,,False,No motion record for this subject/modality
liberal,mindo329,329,1,74,Mot,,,,True,0,0,,False,No motion record for this subject/modality
liberal,mindo329,329,1,74,Vis,,,,True,0,0,,False,No motion record for this subject/modality
liberal,mindo345,345,1,71,Aud,,,,True,0,0,,False,No motion record for this subject/modality
liberal,mindo345,345,1,71,Mot,,,,True,0,0,,False,No motion record for this subject/modality
liberal,mindo345,345,1,71,Vis,,,,True,0,0,,False,No motion record for this subject/modality
liberal,mindo358,358,1,65,Aud,,,,True,0,0,,False,No motion record for this subject/modality
liberal,mindo358,358,1,65,Mot,,,,True,0,0,,False,No motion record for this subject/modality
liberal,mindo358,358,1,65,Vis,,,,True,0,0,,False,No motion record for this subject/modality
liberal,mindo377,377,1,65,Aud,,,,True,0,0,,False,No motion record for this subject/modality
liberal,mindo377,377,1,65,Mot,,,,True,0,0,,False,No motion record for this subject/modality
liberal,mindo377,377,1,65,Vis,,,,True,0,0,,False,No motion record for this subject/modality
liberal,mindo385,385,1,76,Aud,,,,True,0,0,,False,No motion record for this subject/modality
liberal,mindo385,385,1,76,Mot,,,,True,0,0,,False,No motion record for this subject/modality
liberal,mindo385,385,1,76,Vis,,,,True,0,0,,False,No motion record for this subject/modality
liberal,mindo399,399,1,71,Aud,,,,True,0,0,,False,No motion record for this subject/modality
liberal,mindo399,399,1,71,Mot,,,,True,0,0,,False,No motion record for this subject/modality
liberal,mindo399,399,1,71,Vis,,,,True,0,0,,False,No motion record for this subject/modality
liberal,mindo411,411,1,66,Aud,,,,True,0,0,,False,No motion record for this subject/modality
liberal,mindo411,411,1,66,Mot,,,,True,0,0,,False,No motion record for this subject/modality
liberal,mindo411,411,1,66,Vis,,,,True,0,0,,False,No motion record for this subject/modality
liberal,mindo441,441,1,67,Aud,,,,True,0,0,,False,No motion record for this subject/modality
liberal,mindo441,441,1,67,Mot,,,,True,0,0,,False,No motion record for this subject/modality
liberal,mindo441,441,1,67,Vis,,,,True,0,0,,False,No motion record for this subject/modality
