SubNum,Subject,Wave_Num,missing_modalities
107,mindo107,1,Aud
175,mindo175,1,"Aud,Mot,Vis"
177,mindo177,1,"Aud,Mot,Vis"
186,mindo186,1,"Aud,Mot,Vis"
201,mindo201,1,"Aud,Mot,Vis"
207,mindy207,1,"Aud,Mot,Vis"
247,mindo247,1,"Aud,Mot,Vis"
253,mindo253,1,Aud
257,mindo257,1,"Aud,Mot,Vis"
276,mindo276,1,"Aud,Mot,Vis"
283,mindo283,1,"Aud,Mot,Vis"
298,mindo298,1,"Aud,Mot,Vis"
323,mindo323,1,"Aud,Mot,Vis"
326,mindo326,1,Aud
329,mindo329,1,"Aud,Mot,Vis"
345,mindo345,1,"Aud,Mot,Vis"
358,mindo358,1,"Aud,Mot,Vis"
377,mindo377,1,"Aud,Mot,Vis"
385,mindo385,1,"Aud,Mot,Vis"
399,mindo399,1,"Aud,Mot,Vis"
411,mindo411,1,"Aud,Mot,Vis"
441,mindo441,1,"Aud,Mot,Vis"
114,mindb114,2,"Aud,Mot,Vis"
143,mindb143,2,"Aud,Mot,Vis"
155,mindb155,2,"Aud,Mot,Vis"
164,mindb164,2,"Aud,Mot,Vis"
225,mindb225,2,"Aud,Mot,Vis"
245,mindb245,2,"Aud,Mot,Vis"
281,mindb281,2,"Aud,Mot,Vis"
323,mindb323,2,"Aud,Mot,Vis"
