rule,SubNum,Wave_Num,Age_DuringParticipation_,old_mean_age,old_within_cAge,old_between_cAge,corrected_mean_age,corrected_within_cAge,corrected_between_cAge
primary,100,2,74,70.25,3.75,5.25,71.5,2.5,6.5
primary,100,1,69,70.25,-1.25,5.25,71.5,-2.5,6.5
primary,101,1,21,21,0,-44,21,0,-44
primary,102,1,20,20,0,-45,20,0,-45
primary,103,1,23,23,0,-42,23,0,-42
primary,104,1,26,26,0,-39,26,0,-39
primary,105,2,84,81.5,2.5,16.5,81.5,2.5,16.5
primary,105,1,79,81.5,-2.5,16.5,81.5,-2.5,16.5
primary,106,1,28,28,0,-37,28,0,-37
primary,107,2,76,74,2,9,73.5,2.5,8.5
primary,107,1,71,74,-3,9,73.5,-2.5,8.5
primary,109,2,74,71.5,2.5,6.5,71.5,2.5,6.5
primary,109,1,69,71.5,-2.5,6.5,71.5,-2.5,6.5
primary,110,1,22,22,0,-43,22,0,-43
primary,111,1,22,22,0,-43,22,0,-43
primary,112,1,26,26,0,-39,26,0,-39
primary,113,1,22,22,0,-43,22,0,-43
primary,114,1,65,65,0,0,65,0,0
primary,116,2,78,74.66666666666667,3.3333333333333286,9.666666666666671,75.5,2.5,10.5
primary,116,1,73,74.66666666666667,-1.6666666666666714,9.666666666666671,75.5,-2.5,10.5
primary,117,1,22,22,0,-43,22,0,-43
primary,118,2,75,75,0,10,75,0,10
primary,119,1,19,19,0,-46,19,0,-46
primary,120,1,67,67,0,2,67,0,2
primary,123,2,74,72,2,7,71.5,2.5,6.5
primary,123,1,69,72,-3,7,71.5,-2.5,6.5
primary,124,1,74,74,0,9,74,0,9
primary,125,1,29,29,0,-36,29,0,-36
primary,126,1,29,29,0,-36,29,0,-36
primary,127,2,75,73,2,8,72.5,2.5,7.5
primary,127,1,70,73,-3,8,72.5,-2.5,7.5
primary,128,1,25,25,0,-40,25,0,-40
primary,129,2,72,69.5,2.5,4.5,69.5,2.5,4.5
primary,129,1,67,69.5,-2.5,4.5,69.5,-2.5,4.5
primary,131,1,20,20,0,-45,20,0,-45
primary,133,2,76,73.5,2.5,8.5,73.5,2.5,8.5
primary,133,1,71,73.5,-2.5,8.5,73.5,-2.5,8.5
primary,134,1,20,20,0,-45,20,0,-45
primary,135,1,23,23,0,-42,23,0,-42
primary,137,1,27,27,0,-38,27,0,-38
primary,138,1,25,25,0,-40,25,0,-40
primary,139,2,79,76.5,2.5,11.5,76.5,2.5,11.5
primary,139,1,74,76.5,-2.5,11.5,76.5,-2.5,11.5
primary,141,1,67,67,0,2,67,0,2
primary,142,2,86,83.5,2.5,18.5,83.5,2.5,18.5
primary,142,1,81,83.5,-2.5,18.5,83.5,-2.5,18.5
primary,143,1,66,66,0,1,66,0,1
primary,144,2,74,71.5,2.5,6.5,71.5,2.5,6.5
primary,144,1,69,71.5,-2.5,6.5,71.5,-2.5,6.5
primary,145,1,20,20,0,-45,20,0,-45
primary,147,1,24,24,0,-41,24,0,-41
primary,150,1,67,67,0,2,67,0,2
primary,151,2,69,67,2,2,67,2,2
primary,151,1,65,67,-2,2,67,-2,2
primary,152,1,71,71,0,6,71,0,6
primary,153,1,69,69,0,4,69,0,4
primary,154,1,65,65,0,0,65,0,0
primary,155,1,66,66,0,1,66,0,1
primary,156,1,70,70,0,5,70,0,5
primary,157,2,78,76.4,1.5999999999999943,11.400000000000006,76,2,11
primary,157,1,74,76.4,-2.4000000000000057,11.400000000000006,76,-2,11
primary,159,1,75,75,0,10,75,0,10
primary,160,2,74,72,2,7,72,2,7
primary,160,1,70,72,-2,7,72,-2,7
primary,161,2,78,76,2,11,76,2,11
primary,161,1,74,76,-2,11,76,-2,11
primary,162,2,69,67,2,2,67,2,2
primary,162,1,65,67,-2,2,67,-2,2
primary,163,2,80,77,3,12,78,2,13
primary,163,1,76,77,-1,12,78,-2,13
primary,164,1,75,75,0,10,75,0,10
primary,165,2,73,71,2,6,71,2,6
primary,165,1,69,71,-2,6,71,-2,6
primary,166,2,94,89.8,4.200000000000003,24.799999999999997,90.5,3.5,25.5
primary,166,1,87,89.8,-2.799999999999997,24.799999999999997,90.5,-3.5,25.5
primary,167,1,21,21,0,-44,21,0,-44
primary,169,1,77,77,0,12,77,0,12
primary,170,1,67,67,0,2,67,0,2
primary,171,1,21,21,0,-44,21,0,-44
primary,172,1,65,65,0,0,65,0,0
primary,176,2,69,67,2,2,67,2,2
primary,176,1,65,67,-2,2,67,-2,2
primary,178,2,74,72,2,7,72,2,7
primary,178,1,70,72,-2,7,72,-2,7
primary,179,1,19,19,0,-46,19,0,-46
primary,180,2,75,73,2,8,73,2,8
primary,180,1,71,73,-2,8,73,-2,8
primary,181,1,19,19,0,-46,19,0,-46
primary,183,1,25,25,0,-40,25,0,-40
primary,184,1,25,25,0,-40,25,0,-40
primary,185,1,23,23,0,-42,23,0,-42
primary,187,1,27,27,0,-38,27,0,-38
primary,189,2,71,68.6,2.4000000000000057,3.5999999999999943,69,2,4
primary,189,1,67,68.6,-1.5999999999999943,3.5999999999999943,69,-2,4
primary,190,1,70,70,0,5,70,0,5
primary,191,1,21,21,0,-44,21,0,-44
primary,192,1,23,23,0,-42,23,0,-42
primary,193,1,27,27,0,-38,27,0,-38
primary,194,1,18,18,0,-47,18,0,-47
primary,195,2,71,68,3,3,69,2,4
primary,195,1,67,68,-1,3,69,-2,4
primary,196,1,21,21,0,-44,21,0,-44
primary,197,1,21,21,0,-44,21,0,-44
primary,198,1,22,22,0,-43,22,0,-43
primary,199,1,65,65,0,0,65,0,0
primary,200,1,66,66,0,1,66,0,1
primary,202,1,22,22,0,-43,22,0,-43
primary,203,1,80,80,0,15,80,0,15
primary,204,1,24,24,0,-41,24,0,-41
primary,205,2,68,66.5,1.5,1.5,66.5,1.5,1.5
primary,205,1,65,66.5,-1.5,1.5,66.5,-1.5,1.5
primary,206,1,22,22,0,-43,22,0,-43
primary,208,1,79,79,0,14,79,0,14
primary,209,2,70,68,2,3,68,2,3
primary,209,1,66,68,-2,3,68,-2,3
primary,210,1,19,19,0,-46,19,0,-46
primary,211,1,22,22,0,-43,22,0,-43
primary,213,2,74,72,2,7,72,2,7
primary,213,1,70,72,-2,7,72,-2,7
primary,214,1,22,22,0,-43,22,0,-43
primary,215,1,24,24,0,-41,24,0,-41
primary,216,2,76,74,2,9,74,2,9
primary,216,1,72,74,-2,9,74,-2,9
primary,217,2,73,70.5,2.5,5.5,70.5,2.5,5.5
primary,217,1,68,70.5,-2.5,5.5,70.5,-2.5,5.5
primary,218,1,66,66,0,1,66,0,1
primary,219,1,75,75,0,10,75,0,10
primary,221,1,21,21,0,-44,21,0,-44
primary,222,1,27,27,0,-38,27,0,-38
primary,223,1,24,24,0,-41,24,0,-41
primary,224,1,21,21,0,-44,21,0,-44
primary,225,1,84,84,0,19,84,0,19
primary,226,1,25,25,0,-40,25,0,-40
primary,227,2,70,68,2,3,68,2,3
primary,227,1,66,68,-2,3,68,-2,3
primary,228,2,79,77.5,1.5,12.5,77.5,1.5,12.5
primary,228,1,76,77.5,-1.5,12.5,77.5,-1.5,12.5
primary,230,1,71,71,0,6,71,0,6
primary,231,2,75,73.5,1.5,8.5,73.5,1.5,8.5
primary,231,1,72,73.5,-1.5,8.5,73.5,-1.5,8.5
primary,232,2,70,67.6,2.4000000000000057,2.5999999999999943,68,2,3
primary,232,1,66,67.6,-1.5999999999999943,2.5999999999999943,68,-2,3
primary,233,2,68,65.75,2.25,0.75,66.5,1.5,1.5
primary,233,1,65,65.75,-0.75,0.75,66.5,-1.5,1.5
primary,234,1,22,22,0,-43,22,0,-43
primary,235,2,69,67,2,2,67,2,2
primary,235,1,65,67,-2,2,67,-2,2
primary,236,1,18,18,0,-47,18,0,-47
primary,237,1,26,26,0,-39,26,0,-39
primary,238,1,72,72,0,7,72,0,7
primary,239,1,24,24,0,-41,24,0,-41
primary,240,1,26,26,0,-39,26,0,-39
primary,241,2,72,70,2,5,70,2,5
primary,241,1,68,70,-2,5,70,-2,5
primary,242,1,79,79,0,14,79,0,14
primary,243,1,19,19,0,-46,19,0,-46
primary,245,1,66,66,0,1,66,0,1
primary,248,1,21,21,0,-44,21,0,-44
primary,249,1,19,19,0,-46,19,0,-46
primary,250,1,20,20,0,-45,20,0,-45
primary,252,2,69,67,2,2,67,2,2
primary,252,1,65,67,-2,2,67,-2,2
primary,253,1,73,73,0,8,73,0,8
primary,254,1,70,70,0,5,70,0,5
primary,255,2,70,68,2,3,68,2,3
primary,255,1,66,68,-2,3,68,-2,3
primary,256,2,83,81,2,16,81,2,16
primary,256,1,79,81,-2,16,81,-2,16
primary,260,1,81,81,0,16,81,0,16
primary,261,2,71,69,2,4,69,2,4
primary,261,1,67,69,-2,4,69,-2,4
primary,265,2,68,66.5,1.5,1.5,66.5,1.5,1.5
primary,265,1,65,66.5,-1.5,1.5,66.5,-1.5,1.5
primary,270,2,78,75.6,2.4000000000000057,10.599999999999994,76,2,11
primary,270,1,74,75.6,-1.5999999999999943,10.599999999999994,76,-2,11
primary,271,2,72,70.5,1.5,5.5,70.5,1.5,5.5
primary,271,1,69,70.5,-1.5,5.5,70.5,-1.5,5.5
primary,272,2,74,71.5,2.5,6.5,71.5,2.5,6.5
primary,272,1,69,71.5,-2.5,6.5,71.5,-2.5,6.5
primary,273,2,85,83.2,1.7999999999999972,18.200000000000003,83.5,1.5,18.5
primary,273,1,82,83.2,-1.2000000000000028,18.200000000000003,83.5,-1.5,18.5
primary,274,2,78,75.75,2.25,10.75,76.5,1.5,11.5
primary,274,1,75,75.75,-0.75,10.75,76.5,-1.5,11.5
primary,278,1,71,71,0,6,71,0,6
primary,280,2,71,69.5,1.5,4.5,69.5,1.5,4.5
primary,280,1,68,69.5,-1.5,4.5,69.5,-1.5,4.5
primary,281,1,65,65,0,0,65,0,0
primary,282,1,74,74,0,9,74,0,9
primary,285,1,28,28,0,-37,28,0,-37
primary,290,1,18,18,0,-47,18,0,-47
primary,292,2,70,68.5,1.5,3.5,68.5,1.5,3.5
primary,292,1,67,68.5,-1.5,3.5,68.5,-1.5,3.5
primary,295,2,70,68.5,1.5,3.5,68.5,1.5,3.5
primary,295,1,67,68.5,-1.5,3.5,68.5,-1.5,3.5
primary,297,1,65,65,0,0,65,0,0
primary,299,2,75,73.2,1.7999999999999972,8.200000000000003,73.5,1.5,8.5
primary,299,1,72,73.2,-1.2000000000000028,8.200000000000003,73.5,-1.5,8.5
primary,303,1,77,77,0,12,77,0,12
primary,304,2,68,66.5,1.5,1.5,66.5,1.5,1.5
primary,304,1,65,66.5,-1.5,1.5,66.5,-1.5,1.5
primary,306,1,66,66,0,1,66,0,1
primary,308,2,69,66.33333333333333,2.6666666666666714,1.3333333333333286,67,2,2
primary,308,1,65,66.33333333333333,-1.3333333333333286,1.3333333333333286,67,-2,2
primary,311,2,68,65.75,2.25,0.75,66.5,1.5,1.5
primary,311,1,65,65.75,-0.75,0.75,66.5,-1.5,1.5
primary,314,1,65,65,0,0,65,0,0
primary,315,2,68,66.5,1.5,1.5,66.5,1.5,1.5
primary,315,1,65,66.5,-1.5,1.5,66.5,-1.5,1.5
primary,317,1,68,68,0,3,68,0,3
primary,320,1,67,67,0,2,67,0,2
primary,326,1,68,68,0,3,68,0,3
primary,328,1,75,75,0,10,75,0,10
primary,331,2,80,78,2,13,78,2,13
primary,331,1,76,78,-2,13,78,-2,13
primary,332,2,72,70.5,1.5,5.5,70.5,1.5,5.5
primary,332,1,69,70.5,-1.5,5.5,70.5,-1.5,5.5
primary,333,2,82,80.5,1.5,15.5,80.5,1.5,15.5
primary,333,1,79,80.5,-1.5,15.5,80.5,-1.5,15.5
primary,334,1,65,65,0,0,65,0,0
primary,335,1,73,73,0,8,73,0,8
primary,337,1,68,68,0,3,68,0,3
primary,338,1,69,69,0,4,69,0,4
primary,339,1,71,71,0,6,71,0,6
primary,340,1,74,74,0,9,74,0,9
primary,344,1,74,74,0,9,74,0,9
primary,346,1,65,65,0,0,65,0,0
primary,347,1,65,65,0,0,65,0,0
primary,348,1,65,65,0,0,65,0,0
primary,349,1,67,67,0,2,67,0,2
primary,350,1,75,75,0,10,75,0,10
primary,352,1,66,66,0,1,66,0,1
primary,353,1,66,66,0,1,66,0,1
primary,356,1,76,76,0,11,76,0,11
primary,357,1,70,70,0,5,70,0,5
primary,359,1,71,71,0,6,71,0,6
primary,361,1,76,76,0,11,76,0,11
primary,364,1,69,69,0,4,69,0,4
primary,365,1,65,65,0,0,65,0,0
primary,367,1,76,76,0,11,76,0,11
primary,369,1,75,75,0,10,75,0,10
primary,370,1,76,76,0,11,76,0,11
primary,374,1,82,82,0,17,82,0,17
primary,375,1,76,76,0,11,76,0,11
primary,376,1,75,75,0,10,75,0,10
primary,380,1,65,65,0,0,65,0,0
primary,384,1,67,67,0,2,67,0,2
primary,386,1,69,69,0,4,69,0,4
primary,390,1,71,71,0,6,71,0,6
primary,392,1,66,66,0,1,66,0,1
primary,393,1,78,78,0,13,78,0,13
primary,397,1,75,75,0,10,75,0,10
primary,398,1,77,77,0,12,77,0,12
primary,404,1,68,68,0,3,68,0,3
primary,405,1,68,68,0,3,68,0,3
primary,412,1,74,74,0,9,74,0,9
primary,413,1,84,84,0,19,84,0,19
primary,414,1,77,77,0,12,77,0,12
primary,415,1,80,80,0,15,80,0,15
primary,416,1,71,71,0,6,71,0,6
primary,418,1,68,68,0,3,68,0,3
primary,419,1,69,69,0,4,69,0,4
primary,420,1,70,70,0,5,70,0,5
primary,421,1,65,65,0,0,65,0,0
primary,422,1,76,76,0,11,76,0,11
primary,423,1,65,65,0,0,65,0,0
primary,424,1,66,66,0,1,66,0,1
primary,425,1,66,66,0,1,66,0,1
primary,432,1,72,72,0,7,72,0,7
primary,440,1,67,67,0,2,67,0,2
primary,442,1,65,65,0,0,65,0,0
primary,443,1,71,71,0,6,71,0,6
primary,445,1,65,65,0,0,65,0,0
primary,446,1,68,68,0,3,68,0,3
primary,450,1,69,69,0,4,69,0,4
primary,452,1,75,75,0,10,75,0,10
primary,453,1,69,69,0,4,69,0,4
liberal,100,2,74,71.5,2.5,6.5,71.5,2.5,6.5
liberal,100,1,69,71.5,-2.5,6.5,71.5,-2.5,6.5
liberal,101,1,21,21,0,-44,21,0,-44
liberal,102,1,20,20,0,-45,20,0,-45
liberal,103,1,23,23,0,-42,23,0,-42
liberal,104,1,26,26,0,-39,26,0,-39
liberal,105,2,84,81.5,2.5,16.5,81.5,2.5,16.5
liberal,105,1,79,81.5,-2.5,16.5,81.5,-2.5,16.5
liberal,106,1,28,28,0,-37,28,0,-37
liberal,107,2,76,74,2,9,73.5,2.5,8.5
liberal,107,1,71,74,-3,9,73.5,-2.5,8.5
liberal,108,1,78,78,0,13,78,0,13
liberal,109,2,74,71.5,2.5,6.5,71.5,2.5,6.5
liberal,109,1,69,71.5,-2.5,6.5,71.5,-2.5,6.5
liberal,110,1,22,22,0,-43,22,0,-43
liberal,111,1,22,22,0,-43,22,0,-43
liberal,112,1,26,26,0,-39,26,0,-39
liberal,113,1,22,22,0,-43,22,0,-43
liberal,114,1,65,65,0,0,65,0,0
liberal,116,2,78,75.5,2.5,10.5,75.5,2.5,10.5
liberal,116,1,73,75.5,-2.5,10.5,75.5,-2.5,10.5
liberal,117,1,22,22,0,-43,22,0,-43
liberal,118,2,75,72,3,7,72,3,7
liberal,118,1,69,72,-3,7,72,-3,7
liberal,119,1,19,19,0,-46,19,0,-46
liberal,120,1,67,67,0,2,67,0,2
liberal,123,2,74,71.5,2.5,6.5,71.5,2.5,6.5
liberal,123,1,69,71.5,-2.5,6.5,71.5,-2.5,6.5
liberal,124,1,74,74,0,9,74,0,9
liberal,125,1,29,29,0,-36,29,0,-36
liberal,126,1,29,29,0,-36,29,0,-36
liberal,127,2,75,72.5,2.5,7.5,72.5,2.5,7.5
liberal,127,1,70,72.5,-2.5,7.5,72.5,-2.5,7.5
liberal,128,1,25,25,0,-40,25,0,-40
liberal,129,2,72,69.5,2.5,4.5,69.5,2.5,4.5
liberal,129,1,67,69.5,-2.5,4.5,69.5,-2.5,4.5
liberal,131,1,20,20,0,-45,20,0,-45
liberal,133,2,76,73.5,2.5,8.5,73.5,2.5,8.5
liberal,133,1,71,73.5,-2.5,8.5,73.5,-2.5,8.5
liberal,134,1,20,20,0,-45,20,0,-45
liberal,135,1,23,23,0,-42,23,0,-42
liberal,137,1,27,27,0,-38,27,0,-38
liberal,138,1,25,25,0,-40,25,0,-40
liberal,139,2,79,76.5,2.5,11.5,76.5,2.5,11.5
liberal,139,1,74,76.5,-2.5,11.5,76.5,-2.5,11.5
liberal,141,1,67,67,0,2,67,0,2
liberal,142,2,86,83.5,2.5,18.5,83.5,2.5,18.5
liberal,142,1,81,83.5,-2.5,18.5,83.5,-2.5,18.5
liberal,143,1,66,66,0,1,66,0,1
liberal,144,2,74,71.5,2.5,6.5,71.5,2.5,6.5
liberal,144,1,69,71.5,-2.5,6.5,71.5,-2.5,6.5
liberal,145,1,20,20,0,-45,20,0,-45
liberal,147,1,24,24,0,-41,24,0,-41
liberal,150,1,67,67,0,2,67,0,2
liberal,151,2,69,67,2,2,67,2,2
liberal,151,1,65,67,-2,2,67,-2,2
liberal,152,1,71,71,0,6,71,0,6
liberal,153,1,69,69,0,4,69,0,4
liberal,154,1,65,65,0,0,65,0,0
liberal,155,1,66,66,0,1,66,0,1
liberal,156,1,70,70,0,5,70,0,5
liberal,157,2,78,76,2,11,76,2,11
liberal,157,1,74,76,-2,11,76,-2,11
liberal,159,1,75,75,0,10,75,0,10
liberal,160,2,74,72,2,7,72,2,7
liberal,160,1,70,72,-2,7,72,-2,7
liberal,161,2,78,76,2,11,76,2,11
liberal,161,1,74,76,-2,11,76,-2,11
liberal,162,2,69,67,2,2,67,2,2
liberal,162,1,65,67,-2,2,67,-2,2
liberal,163,2,80,77.6,2.4000000000000057,12.599999999999994,78,2,13
liberal,163,1,76,77.6,-1.5999999999999943,12.599999999999994,78,-2,13
liberal,164,1,75,75,0,10,75,0,10
liberal,165,2,73,71,2,6,71,2,6
liberal,165,1,69,71,-2,6,71,-2,6
liberal,166,2,94,90.5,3.5,25.5,90.5,3.5,25.5
liberal,166,1,87,90.5,-3.5,25.5,90.5,-3.5,25.5
liberal,167,1,21,21,0,-44,21,0,-44
liberal,169,1,77,77,0,12,77,0,12
liberal,170,1,67,67,0,2,67,0,2
liberal,171,1,21,21,0,-44,21,0,-44
liberal,172,1,65,65,0,0,65,0,0
liberal,176,2,69,67,2,2,67,2,2
liberal,176,1,65,67,-2,2,67,-2,2
liberal,178,2,74,72,2,7,72,2,7
liberal,178,1,70,72,-2,7,72,-2,7
liberal,179,1,19,19,0,-46,19,0,-46
liberal,180,2,75,73,2,8,73,2,8
liberal,180,1,71,73,-2,8,73,-2,8
liberal,181,1,19,19,0,-46,19,0,-46
liberal,183,1,25,25,0,-40,25,0,-40
liberal,184,1,25,25,0,-40,25,0,-40
liberal,185,1,23,23,0,-42,23,0,-42
liberal,187,1,27,27,0,-38,27,0,-38
liberal,188,1,26,26,0,-39,26,0,-39
liberal,189,2,71,69,2,4,69,2,4
liberal,189,1,67,69,-2,4,69,-2,4
liberal,190,1,70,70,0,5,70,0,5
liberal,191,1,21,21,0,-44,21,0,-44
liberal,192,1,23,23,0,-42,23,0,-42
liberal,193,1,27,27,0,-38,27,0,-38
liberal,194,1,18,18,0,-47,18,0,-47
liberal,195,2,71,69,2,4,69,2,4
liberal,195,1,67,69,-2,4,69,-2,4
liberal,196,1,21,21,0,-44,21,0,-44
liberal,197,1,21,21,0,-44,21,0,-44
liberal,198,1,22,22,0,-43,22,0,-43
liberal,199,1,65,65,0,0,65,0,0
liberal,200,1,66,66,0,1,66,0,1
liberal,202,1,22,22,0,-43,22,0,-43
liberal,203,1,80,80,0,15,80,0,15
liberal,204,1,24,24,0,-41,24,0,-41
liberal,205,2,68,66.5,1.5,1.5,66.5,1.5,1.5
liberal,205,1,65,66.5,-1.5,1.5,66.5,-1.5,1.5
liberal,206,1,22,22,0,-43,22,0,-43
liberal,208,1,79,79,0,14,79,0,14
liberal,209,2,70,68,2,3,68,2,3
liberal,209,1,66,68,-2,3,68,-2,3
liberal,210,1,19,19,0,-46,19,0,-46
liberal,211,1,22,22,0,-43,22,0,-43
liberal,213,2,74,72,2,7,72,2,7
liberal,213,1,70,72,-2,7,72,-2,7
liberal,214,1,22,22,0,-43,22,0,-43
liberal,215,1,24,24,0,-41,24,0,-41
liberal,216,2,76,74,2,9,74,2,9
liberal,216,1,72,74,-2,9,74,-2,9
liberal,217,2,73,70.5,2.5,5.5,70.5,2.5,5.5
liberal,217,1,68,70.5,-2.5,5.5,70.5,-2.5,5.5
liberal,218,1,66,66,0,1,66,0,1
liberal,219,1,75,75,0,10,75,0,10
liberal,221,1,21,21,0,-44,21,0,-44
liberal,222,1,27,27,0,-38,27,0,-38
liberal,223,1,24,24,0,-41,24,0,-41
liberal,224,1,21,21,0,-44,21,0,-44
liberal,225,1,84,84,0,19,84,0,19
liberal,226,1,25,25,0,-40,25,0,-40
liberal,227,2,70,68,2,3,68,2,3
liberal,227,1,66,68,-2,3,68,-2,3
liberal,228,2,79,77.5,1.5,12.5,77.5,1.5,12.5
liberal,228,1,76,77.5,-1.5,12.5,77.5,-1.5,12.5
liberal,230,1,71,71,0,6,71,0,6
liberal,231,2,75,73.5,1.5,8.5,73.5,1.5,8.5
liberal,231,1,72,73.5,-1.5,8.5,73.5,-1.5,8.5
liberal,232,2,70,68,2,3,68,2,3
liberal,232,1,66,68,-2,3,68,-2,3
liberal,233,2,68,66.2,1.7999999999999972,1.2000000000000028,66.5,1.5,1.5
liberal,233,1,65,66.2,-1.2000000000000028,1.2000000000000028,66.5,-1.5,1.5
liberal,234,1,22,22,0,-43,22,0,-43
liberal,235,2,69,67,2,2,67,2,2
liberal,235,1,65,67,-2,2,67,-2,2
liberal,236,1,18,18,0,-47,18,0,-47
liberal,237,1,26,26,0,-39,26,0,-39
liberal,238,1,72,72,0,7,72,0,7
liberal,239,1,24,24,0,-41,24,0,-41
liberal,240,1,26,26,0,-39,26,0,-39
liberal,241,2,72,70.4,1.5999999999999943,5.400000000000006,70,2,5
liberal,241,1,68,70.4,-2.4000000000000057,5.400000000000006,70,-2,5
liberal,242,1,79,79,0,14,79,0,14
liberal,243,1,19,19,0,-46,19,0,-46
liberal,245,1,66,66,0,1,66,0,1
liberal,248,1,21,21,0,-44,21,0,-44
liberal,249,1,19,19,0,-46,19,0,-46
liberal,250,1,20,20,0,-45,20,0,-45
liberal,252,2,69,67,2,2,67,2,2
liberal,252,1,65,67,-2,2,67,-2,2
liberal,253,1,73,73,0,8,73,0,8
liberal,254,1,70,70,0,5,70,0,5
liberal,255,2,70,68,2,3,68,2,3
liberal,255,1,66,68,-2,3,68,-2,3
liberal,256,2,83,81,2,16,81,2,16
liberal,256,1,79,81,-2,16,81,-2,16
liberal,260,2,84,82.2,1.7999999999999972,17.200000000000003,82.5,1.5,17.5
liberal,260,1,81,82.2,-1.2000000000000028,17.200000000000003,82.5,-1.5,17.5
liberal,261,2,71,69,2,4,69,2,4
liberal,261,1,67,69,-2,4,69,-2,4
liberal,265,2,68,66.5,1.5,1.5,66.5,1.5,1.5
liberal,265,1,65,66.5,-1.5,1.5,66.5,-1.5,1.5
liberal,270,2,78,76,2,11,76,2,11
liberal,270,1,74,76,-2,11,76,-2,11
liberal,271,2,72,70.5,1.5,5.5,70.5,1.5,5.5
liberal,271,1,69,70.5,-1.5,5.5,70.5,-1.5,5.5
liberal,272,2,74,71.5,2.5,6.5,71.5,2.5,6.5
liberal,272,1,69,71.5,-2.5,6.5,71.5,-2.5,6.5
liberal,273,2,85,83.5,1.5,18.5,83.5,1.5,18.5
liberal,273,1,82,83.5,-1.5,18.5,83.5,-1.5,18.5
liberal,274,2,78,76.5,1.5,11.5,76.5,1.5,11.5
liberal,274,1,75,76.5,-1.5,11.5,76.5,-1.5,11.5
liberal,278,1,71,71,0,6,71,0,6
liberal,280,2,71,69.5,1.5,4.5,69.5,1.5,4.5
liberal,280,1,68,69.5,-1.5,4.5,69.5,-1.5,4.5
liberal,281,1,65,65,0,0,65,0,0
liberal,282,1,74,74,0,9,74,0,9
liberal,285,1,28,28,0,-37,28,0,-37
liberal,290,1,18,18,0,-47,18,0,-47
liberal,292,2,70,68.5,1.5,3.5,68.5,1.5,3.5
liberal,292,1,67,68.5,-1.5,3.5,68.5,-1.5,3.5
liberal,295,2,70,68.5,1.5,3.5,68.5,1.5,3.5
liberal,295,1,67,68.5,-1.5,3.5,68.5,-1.5,3.5
liberal,297,1,65,65,0,0,65,0,0
liberal,299,2,75,73.5,1.5,8.5,73.5,1.5,8.5
liberal,299,1,72,73.5,-1.5,8.5,73.5,-1.5,8.5
liberal,303,1,77,77,0,12,77,0,12
liberal,304,2,68,66.5,1.5,1.5,66.5,1.5,1.5
liberal,304,1,65,66.5,-1.5,1.5,66.5,-1.5,1.5
liberal,306,1,66,66,0,1,66,0,1
liberal,308,2,69,67,2,2,67,2,2
liberal,308,1,65,67,-2,2,67,-2,2
liberal,311,2,68,66.5,1.5,1.5,66.5,1.5,1.5
liberal,311,1,65,66.5,-1.5,1.5,66.5,-1.5,1.5
liberal,314,1,65,65,0,0,65,0,0
liberal,315,2,68,66.5,1.5,1.5,66.5,1.5,1.5
liberal,315,1,65,66.5,-1.5,1.5,66.5,-1.5,1.5
liberal,317,1,68,68,0,3,68,0,3
liberal,320,1,67,67,0,2,67,0,2
liberal,326,1,68,68,0,3,68,0,3
liberal,328,1,75,75,0,10,75,0,10
liberal,330,1,65,65,0,0,65,0,0
liberal,331,2,80,78,2,13,78,2,13
liberal,331,1,76,78,-2,13,78,-2,13
liberal,332,2,72,70.5,1.5,5.5,70.5,1.5,5.5
liberal,332,1,69,70.5,-1.5,5.5,70.5,-1.5,5.5
liberal,333,2,82,80.5,1.5,15.5,80.5,1.5,15.5
liberal,333,1,79,80.5,-1.5,15.5,80.5,-1.5,15.5
liberal,334,1,65,65,0,0,65,0,0
liberal,335,1,73,73,0,8,73,0,8
liberal,337,1,68,68,0,3,68,0,3
liberal,338,1,69,69,0,4,69,0,4
liberal,339,1,71,71,0,6,71,0,6
liberal,340,1,74,74,0,9,74,0,9
liberal,341,1,69,69,0,4,69,0,4
liberal,343,1,66,66,0,1,66,0,1
liberal,344,1,74,74,0,9,74,0,9
liberal,346,1,65,65,0,0,65,0,0
liberal,347,1,65,65,0,0,65,0,0
liberal,348,1,65,65,0,0,65,0,0
liberal,349,1,67,67,0,2,67,0,2
liberal,350,1,75,75,0,10,75,0,10
liberal,352,1,66,66,0,1,66,0,1
liberal,353,1,66,66,0,1,66,0,1
liberal,356,1,76,76,0,11,76,0,11
liberal,357,1,70,70,0,5,70,0,5
liberal,359,1,71,71,0,6,71,0,6
liberal,361,1,76,76,0,11,76,0,11
liberal,364,1,69,69,0,4,69,0,4
liberal,365,1,65,65,0,0,65,0,0
liberal,367,1,76,76,0,11,76,0,11
liberal,369,1,75,75,0,10,75,0,10
liberal,370,1,76,76,0,11,76,0,11
liberal,374,1,82,82,0,17,82,0,17
liberal,375,1,76,76,0,11,76,0,11
liberal,376,1,75,75,0,10,75,0,10
liberal,380,1,65,65,0,0,65,0,0
liberal,384,1,67,67,0,2,67,0,2
liberal,386,1,69,69,0,4,69,0,4
liberal,390,1,71,71,0,6,71,0,6
liberal,392,1,66,66,0,1,66,0,1
liberal,393,1,78,78,0,13,78,0,13
liberal,397,1,75,75,0,10,75,0,10
liberal,398,1,77,77,0,12,77,0,12
liberal,400,1,77,77,0,12,77,0,12
liberal,404,1,68,68,0,3,68,0,3
liberal,405,1,68,68,0,3,68,0,3
liberal,412,1,74,74,0,9,74,0,9
liberal,413,1,84,84,0,19,84,0,19
liberal,414,1,77,77,0,12,77,0,12
liberal,415,1,80,80,0,15,80,0,15
liberal,416,1,71,71,0,6,71,0,6
liberal,418,1,68,68,0,3,68,0,3
liberal,419,1,69,69,0,4,69,0,4
liberal,420,1,70,70,0,5,70,0,5
liberal,421,1,65,65,0,0,65,0,0
liberal,422,1,76,76,0,11,76,0,11
liberal,423,1,65,65,0,0,65,0,0
liberal,424,1,66,66,0,1,66,0,1
liberal,425,1,66,66,0,1,66,0,1
liberal,426,1,70,70,0,5,70,0,5
liberal,432,1,72,72,0,7,72,0,7
liberal,440,1,67,67,0,2,67,0,2
liberal,442,1,65,65,0,0,65,0,0
liberal,443,1,71,71,0,6,71,0,6
liberal,445,1,65,65,0,0,65,0,0
liberal,446,1,68,68,0,3,68,0,3
liberal,450,1,69,69,0,4,69,0,4
liberal,451,1,72,72,0,7,72,0,7
liberal,452,1,75,75,0,10,75,0,10
liberal,453,1,69,69,0,4,69,0,4
