Subject,AudDistinctiveness,VisDistinctiveness,MotDistinctiveness,AudReliability,VisReliability,MotReliability,AudConfusability,VisConfusability,MotConfusability,SubNum,Age_DuringParticipation_,Subgroup,Wave_Num,Sex_M1,Education
mindb100,0.333198961612605,0.356178661360681,0.633505116284251,0.622527016065219,0.212725942083297,0.436558492488671,0.289328054452614,-0.143452719277384,-0.19694662379558,100,74,1,2,1,16
mindo100,0.462232086166067,0.483608486725401,1.65061142228946,0.240028686024607,0.2335636279435,0.853951850748801,-0.222203400141461,-0.250044858781902,-0.796659571540663,100,69,1,1,1,16
mindy101,0.162380631342371,1.14854600730687,1.05047856174186,0.270122017030964,0.807381077724426,0.672127599749552,0.107741385688593,-0.341164929582445,-0.378350961992309,101,21,1,1,2,15
mindy102,0.698137668013335,0.503904657306381,1.06867752969011,0.734343094235191,0.63286620635588,0.820237734410961,0.0362054262218563,0.128961549049499,-0.248439795279152,102,20,1,1,1,15
mindy103,0.128617610594093,0.777700057330431,1.39996993220494,0.851900162402092,0.70372761925997,0.824951962255315,0.723282551807999,-0.0739724380704609,-0.575017969949623,103,23,1,1,2,16
mindy104,0.458964560837258,1.10613540366944,1.67285839599999,0.702039238700428,0.767681840223699,0.844232576234121,0.24307467786317,-0.338453563445742,-0.828625819765872,104,26,1,1,2,18
mindb105,0.225873966504206,0.938594769596906,1.38930475123124,0.902841217610974,0.522916168314407,0.769145450363405,0.676967251106768,-0.4156786012825,-0.620159300867832,105,84,1,2,2,21
mindo105,0.165358446085879,1.26958876046484,1.43894203797419,0.889936731695645,0.800519686051277,0.837610083552511,0.724578285609765,-0.469069074413558,-0.601331954421684,105,79,1,1,2,21
mindy106,0.385911338708062,1.03357687083964,1.76851050695356,0.869262200295851,0.806760316914162,0.907931825975484,0.483350861587789,-0.226816553925476,-0.86057868097808,106,28,1,1,2,18
mindb107,0.155086744481086,0.53445572596300694,1.42506120737791,0.154384590773097,0.688008640031228,0.786597048847845,-7.0215370798895e-4,0.153552914068221,-0.638464158530066,107,76,1,2,1,21
mindc107,0.485200127654632,0.49267619140829,0.654927614841296,0.380434267258395,0.778809421642181,0.475128204680897,-0.104765860396237,0.286133230233891,-0.179799410160399,107,79,1,3,1,21
mindo107,,0.330301845356638,1.28597048764699,,0.490131424257702,0.675533279482227,,0.159829578901064,-0.610437208164761,107,71,1,1,1,21
mindo108,0.0752398764388755,0.939684581379266,0.453135904044413,0.142536883717681,0.567040104022278,0.245522915722788,0.0672970072788052,-0.372644477356989,-0.207612988321625,108,78,1,1,2,14
mindb109,0.3864802620495,0.972237427166533,1.61775976876157,0.54533151362244,0.726317851206727,0.860268886927171,0.15885125157294,-0.245919575959806,-0.75749088183439806,109,74,1,2,2,16
mindc109,0.591906102182677,1.11863146989539,1.15118313806699,0.659445058982527,0.63857490025116,0.686841852458691,0.0675389567998502,-0.480056569644233,-0.464341285608301,109,78,1,3,2,16
mindo109,0.296482934796433,0.794724441336842,1.21008819051967,0.833421974963133,0.456775822544403,0.748156741122785,0.5369390401667,-0.337948618792439,-0.461931449396888,109,69,1,1,2,16
mindy110,0.580103557979172,1.18167890599112,1.40674857079949,0.43361517972258,0.67843001973451,0.699755120801785,-0.146488378256592,-0.503248886256606,-0.706993449997704,110,22,1,1,2,15
mindy111,0.428274576754465,0.688552496807509,0.239841597445959,0.63126395479356,0.440434469700507,0.0905539919232659,0.202989378039095,-0.248118027107002,-0.149287605522693,111,22,1,1,2,15
mindy112,0.388946033495599,0.6184557411345,1.75789608651505,0.516259812076048,0.80227272870602,0.891536381569835,0.12731377858045,0.18381698757152,-0.866359704945211,112,26,1,1,1,16
mindy113,0.29636436637873,1.1673480502794,1.87837399016133,0.742210429588146,0.888772673293445,0.951502487669433,0.445846063209416,-0.278575376985958,-0.926871502491896,113,22,1,1,2,16
mindb114,,,,,,,,,,114,70,1,2,1,18
mindo114,0.0656326012288159,0.397499326789502,1.11503664588217,0.645154836263714,0.507938012768484,0.599119179586724,0.579522235034898,0.110438685978982,-0.515917466295443,114,65,1,1,1,18
mindb116,0.144735743823687,0.371489154606771,0.41164239648621,0.400957412057037,0.198069921014917,0.202035075637737,0.25622166823335,-0.173419233591854,-0.209607320848473,116,78,1,2,2,18
mindc116,-0.0810156308435339,0.180490972215807,0.554211980112543,-0.0659288796189022,0.12040893167192,0.407369269380886,0.0150867512246317,-0.0600820405438869,-0.146842710731657,116,81,1,3,2,18
mindo116,0.506805392429545,0.218496677922059,0.615174670331518,0.584990463853949,0.376351594370093,0.276716390430655,0.0781850714244039,0.157854916448035,-0.338458279900862,116,73,1,1,2,18
mindy117,0.148667676283169,0.66744020081251,1.7033024954704,0.934321659336304,0.755891855363303,0.937301434660786,0.785653983053135,0.0884516545507932,-0.76600106080961206,117,22,1,1,2,16
mindb118,0.597452979040963,0.259668256142138,1.08499904921318,0.618509808049469,0.232665682813144,0.644181560271086,0.0210568290085052,-0.0270025733289935,-0.440817488942092,118,75,1,2,2,18
mindc118,0.398436445288044,0.381441302410102,0.671251138433159,0.579111251829294,0.419600089925746,0.517692494454561,0.18067480654125,0.0381587875156441,-0.153558643978599,118,78,1,3,2,18
mindo118,0.0386158331321577,0.0651918625393504,0.737050225872314,0.0911841881314506,0.0608522400939738,0.471990588011929,0.0525683549992929,-0.00433962244537652,-0.265059637860385,118,69,1,1,2,18
mindy119,0.188136968473645,0.490589109641851,1.65007459691977,0.622148354311297,0.69703364406389,0.882317488920634,0.434011385837653,0.206444534422039,-0.767757107999137,119,19,1,1,2,14
mindo120,0.37379989748397,1.08016161493881,1.61983406320955,0.795009266057181,0.750945384991131,0.825229647269727,0.421209368573211,-0.329216229947679,-0.794604415939825,120,67,1,1,2,16
mindb123,0.183821127385115,0.11875112623962,1.19942969504589,0.518237128406055,0.170438288353217,0.66610459383214,0.334416001020939,0.0516871621135977,-0.533325101213749,123,74,1,2,2,16
mindc123,0.229350855851902,0.115513179514668,0.64666268176891,0.362488621278647,0.120321835277762,0.322549213317198,0.133137765426745,0.00480865576309383,-0.324113468451711,123,78,1,3,2,16
mindo123,0.334918653504266,0.171045140755871,0.653201480718187,0.428742623277252,0.0628174565995769,0.372314800787011,0.093823969772986,-0.108227684156294,-0.280886679931176,123,69,1,1,2,16
mindo124,0.398427274362698,0.354129677883175,1.09201343894446,0.72788166750612,0.342863276121631,0.574384864111807,0.329454393143422,-0.0112664017615447,-0.517628574832649,124,74,1,1,1,16
mindy125,0.545790673649295,0.417714065358753,1.52059293654398,0.748502769311158,0.542613707093336,0.850329573247851,0.202712095661863,0.124899641734583,-0.670263363296129,125,29,1,1,2,16
mindy126,0.578831195938203,0.332027762373351,0.797769977339421,0.649369961181396,0.517196222747721,0.404721972321875,0.0705387652431926,0.18516846037437,-0.393048005017546,126,29,1,1,1,18
mindb127,0.250659014943171,0.543224985742216,1.60474672061427,0.709536568496719,0.445611646790777,0.828511483335564,0.458877553553547,-0.0976133389514388,-0.776235237278705,127,75,1,2,2,18
mindo127,0.305147818351753,0.442938289889887,1.2333067875598,0.341686840364206,0.604670613401597,0.705208524510958,0.0365390220124538,0.16173232351171,-0.528098263048845,127,70,1,1,2,18
mindy128,0.278764583933247,0.836317954867472,1.87042409888543,0.508805744351472,0.888240665853638,0.940011268004714,0.230041160418225,0.0519227109861662,-0.930412830880715,128,25,1,1,2,16
mindb129,0.370084369151483,0.692058210419334,0.512717295378287,0.845414997421041,0.659240085816519,0.37796959178758,0.475330628269559,-0.0328181246028148,-0.134747703590707,129,72,1,2,1,16
mindo129,0.257508096265769,0.810647884835924,1.58513489908344,0.723727887982592,0.749823366183748,0.857655771002866,0.466219791716823,-0.0608245186521769,-0.727479128080571,129,67,1,1,1,16
mindy131,0.538655632469129,1.09374584285931,1.80777902049482,0.710232365349097,0.800037963075938,0.940048196628599,0.171576732879968,-0.29370787978337,-0.867730823866224,131,20,1,1,2,14
mindb132,0.176416764232589,0.413844905249649,1.04537573238137,0.468636433723938,0.326253021632116,0.519706606006272,0.292219669491349,-0.0875918836175325,-0.525669126375102,132,69,2,2,1,14
mindo132,0.248511051267774,0.541913037596564,0.797675139306345,0.26745138696388,0.468270162962454,0.383597042804659,0.018940335696106,-0.0736428746341095,-0.414078096501686,132,65,0,1,1,14
mindb133,0.360133754419674,0.608370861057531,0.394922430889656,0.59747663157968,0.44634941350217,0.206078447900412,0.237342877160006,-0.162021447555361,-0.188843982989244,133,76,1,2,1,14
mindc133,0.0869053939419078,0.256739570253722,0.814012022604602,0.193843368474351,0.263050675240661,0.528623046588459,0.106937974532443,0.00631110498693863,-0.285388976016143,133,79,0,3,1,14
mindo133,0.257143561632616,0.142533157244059,0.56319248573835,0.367061475646122,0.141380534822603,0.427567726494069,0.109917914013506,-0.00115262242145563,-0.135624759244281,133,71,1,1,1,14
mindy134,0.351332596582401,0.621760999491525,0.318303837483075,0.755357937514621,0.56266312638383,0.25206157301864,0.40402534093222,-0.0590978731076946,-0.0662422644644352,134,20,1,1,1,14
mindy135,0.65659803040183,0.87463504293734,1.04955891623108,0.756696850927882,0.873944923386167,0.540578348951184,0.100098820526052,-6.9011955117246e-4,-0.508980567279898,135,23,1,1,1,16
mindy137,0.341510916409833,0.831890577389042,1.15827240663734,0.770909953668354,0.757438118675634,0.685391118191057,0.429399037258521,-0.0744524587134074,-0.472881288446279,137,27,1,1,1,18
mindy138,0.36442852335669,0.656694226532507,1.33070997758205,0.490715194000716,0.647539525908468,0.793766654398614,0.126286670644026,-0.0091547006240393,-0.536943323183441,138,25,1,1,1,16
mindb139,0.150630176181646,0.580316651338518,1.02676040272438,0.695739836298966,0.549599389129055,0.698370556979468,0.54510966011732,-0.0307172622094625,-0.32838984574491,139,79,1,2,1,19
mindc139,0.0773753764064831,1.04130329671794,1.29757723772431,0.719375474540599,0.707529096685826,0.802952779706512,0.642000098134116,-0.333774200032115,-0.494624458017796,139,82,2,3,1,19
mindo139,0.0569621727529016,0.231818058684248,0.948913611452419,0.71869650689577,0.510765397568508,0.775740538850446,0.661734334142868,0.27894733888426,-0.173173072601973,139,74,1,1,1,19
mindb140,,,,,,,,,,140,74,2,2,1,14
mindo140,0.619949733413574,0.214134588219733,1.48071214214047,0.285359095461766,0.191946712969397,0.74032477374431,-0.334590637951809,-0.0221878752503363,-0.740387368396164,140,69,0,1,1,14
mindo141,0.147847015656342,0.581055959618288,0.969228663891368,0.462816706926072,0.441186162842815,0.49252767500121,0.31496969126973,-0.139869796775473,-0.476700988890158,141,67,1,1,2,18
mindb142,0.22922498314488,0.678206587047502,1.40155863650899,0.455109657127723,0.616316568395723,0.756972658019433,0.225884673982843,-0.0618900186517785,-0.644585978489559,142,86,1,2,2,12
mindc142,0.31685041966306,0.552381650136931,0.858967197654248,0.323852088082252,0.453889305085921,0.516226205881357,0.00700166841919206,-0.0984923450510099,-0.342740991772891,142,89,1,3,2,12
mindo142,0.366524246189769,0.314031133227077,0.966708479865018,0.325336317888163,0.40853266508371,0.535123893044256,-0.0411879283016057,0.0945015318566333,-0.431584586820762,142,81,1,1,2,12
mindb143,,,,,,,,,,143,70,1,2,2,18
mindo143,0.396045339763064,0.643185650000132,1.69773472856514,0.56495141932441,0.566637057942504,0.871834366486938,0.168906079561345,-0.0765485920576279,-0.825900362078204,143,66,1,1,2,18
mindb144,0.227239517269964,0.495389536209318,0.268397609476569,0.429530868099917,0.401244635592602,0.269058723474084,0.202291350829952,-0.0941449006167158,6.611139975141e-4,144,74,1,2,2,18
mindc144,0.554942329906734,0.490536744670503,1.32659841544603,0.553857641521253,0.524178215287653,0.727159874132362,-0.00108468838548059,0.0336414706171496,-0.599438541313667,144,77,1,3,2,18
mindo144,0.562258842551523,0.535569491105662,1.00186213977264,0.652507258902053,0.470656665244929,0.534391172823627,0.0902484163505294,-0.0649128258607331,-0.467470966949013,144,69,1,1,2,18
mindy145,0.137569237451416,0.139268046405532,0.572190580858966,0.807774381656792,0.146160554210612,0.287918199432823,0.670205144205375,0.00689250780507962,-0.284272381426143,145,20,1,1,2,14
mindy147,0.140470393158956,0.70798979007744,1.10289353521414,0.912674616750734,0.504061090298579,0.592212022832533,0.772204223591778,-0.20392869977886,-0.510681512381607,147,24,1,1,1,16
mindo150,0.202606868667633,0.610651164831135,1.12508714648074,0.55854399648386,0.58876274105217,0.716142846065672,0.355937127816227,-0.0218884237789649,-0.408944300415069,150,67,1,1,2,16
mindb151,0.19902658363332,0.601815302611013,1.4054818309822,0.450984656164139,0.583621786107433,0.744631970675574,0.251958072530819,-0.0181935165035795,-0.66084986030663,151,69,1,2,2,18
mindo151,0.254222472376648,0.713004875151318,1.35457044593445,0.564963032618348,0.496742107495245,0.717588647110398,0.3107405602417,-0.216262767656073,-0.636981798824053,151,65,1,1,2,18
mindo152,0.0602254598868253,0.43105667205437,1.07708582566893,0.392740477990295,0.577404569043464,0.613300835859916,0.33251501810347,0.146347896989094,-0.463784989809017,152,71,1,1,1,16
mindo153,0.171331699153797,0.588554745290914,1.48391522514697,0.555777073939004,0.885188896784955,0.904374677640455,0.384445374785207,0.29663415149404,-0.579540547506512,153,69,1,1,2,18
mindo154,0.132569153220727,0.359942685933621,1.54356237166228,0.129944286439787,0.511473899374863,0.807502793242955,-0.00262486678094023,0.15153121344124099,-0.736059578419324,154,65,1,1,2,18
mindb155,,,,,,,,,,155,70,1,2,2,16
mindo155,0.233375971790967,1.03888042449209,1.29791183919611,0.713860504409446,0.78822852920975,0.866724888345038,0.480484532618479,-0.250651895282338,-0.431186950851068,155,66,1,1,2,16
mindo156,0.118863876220686,1.05296268945602,1.47192596297119,0.106981054013013,0.677112176686828,0.84805579796318,-0.0118828222076731,-0.375850512769193,-0.623870165008011,156,70,1,1,1,18
mindb157,0.699351213123278,0.676423925720648,1.72001443112213,0.821918381350438,0.803505895037259,0.894542511159044,0.122567168227161,0.127081969316611,-0.825471919963091,157,78,1,2,1,21
mindo157,0.570860411503395,0.344552034455336,1.7234737012771,0.571924875687767,0.811440019503444,0.939373883080876,0.00106446418437206,0.466887985048108,-0.784099818196219,157,74,1,1,1,21
mindb158,0.142848688148648,0.61016435196487,0.543458721471928,0.0381106723955952,0.456802527557042,0.260052323814448,-0.104738015753053,-0.153361824407827,-0.28340639765748,158,75,2,2,2,21
mindo158,0.30256761402149,0.404714857572759,0.621323656700502,0.339368967400006,0.32169110742458,0.362622089710813,0.0368013533785161,-0.0830237501481784,-0.258701566989689,158,71,0,1,2,21
mindo159,0.0988403637775802,0.433851291901909,0.497024498540313,0.289966642384916,0.323725157617937,0.368431510682987,0.191126278607336,-0.110126134283972,-0.128592987857326,159,75,1,1,2,18
mindb160,0.300033955043565,0.478518454373899,1.6904673408389,0.40694294099081,0.765915661522926,0.869653364468978,0.106908985947245,0.287397207149027,-0.820813976369918,160,74,1,2,1,14
mindc160,0.314160345213,0.917570695228554,1.38826887066013,0.467995167092484,0.642930798894643,0.751573674159831,0.153834821879484,-0.274639896333911,-0.636695196500301,160,77,1,3,1,14
mindo160,0.179268571447344,0.559613854974197,1.72632384806132,0.545699410269719,0.625823219420699,0.878944845333363,0.366430838822376,0.0662093644465023,-0.847379002727953,160,70,1,1,1,14
mindb161,0.255033927728793,0.777395067265252,1.69682860132551,0.464650924975562,0.628805065860233,0.863513535343018,0.20961699724677,-0.148590001405019,-0.833315065982494,161,78,1,2,1,19
mindc161,0.213059591037958,0.567206689316348,1.37067679933759,0.105738373966987,0.634371699007477,0.776768387523455,-0.107321217070972,0.0671650096911293,-0.59390841181413,161,81,1,3,1,19
mindo161,0.463833930150804,0.838783467935028,1.68490589924847,0.680730203824164,0.67385294625979,0.886515856388135,0.21689627367336,-0.164930521675237,-0.798390042860331,161,74,1,1,1,19
mindb162,0.146005243749476,0.683536821347842,1.56359465248727,0.759815485695257,0.582004437824291,0.80701151934977,0.613810241945782,-0.101532383523551,-0.756583133137499,162,69,1,2,2,16
mindo162,0.223119015379011,0.759007408742881,1.61868914143098,0.695664499619564,0.522819573460277,0.857465580115211,0.472545484240553,-0.236187835282604,-0.761223561315765,162,65,1,1,2,16
mindb163,0.0821967783981559,0.65993025441508,1.0253793711527,0.284122689414186,0.380363161091018,0.54561204908719,0.20192591101603,-0.279567093324062,-0.479767322065508,163,80,1,2,2,18
mindo163,0.168526086989272,0.335537508692209,1.06311030858721,0.159968389747391,0.267587018533475,0.528807782203973,-0.00855769724188089,-0.0679504901587337,-0.534302526383237,163,76,1,1,2,18
mindb164,,,,,,,,,,164,81,1,2,2,16
mindo164,0.0705643946955848,0.696552184839037,1.04503031510987,0.708030599478477,0.647928199450978,0.52684092280625,0.637466204782892,-0.0486239853880594,-0.518189392303619,164,75,1,1,2,16
mindb165,0.213037049858947,0.621805424927202,0.610952718408841,0.252884936700123,0.414718245337007,0.451662143337011,0.0398478868411757,-0.207087179590195,-0.15929057507183,165,73,1,2,1,16
mindc165,0.231963882074949,0.383558874835467,1.18918646423477,0.355011621496756,0.352323204792606,0.630249435992363,0.123047739421807,-0.031235670042861,-0.558937028242404,165,77,,3,1,16
mindo165,0.0857262968167875,0.809362172114746,1.17577962546608,0.11877630507337,0.627217205483297,0.74166078255758106,0.0330500082565829,-0.182144966631449,-0.434118842908501,165,69,1,1,1,16
mindb166,0.342999945307427,0.883887604398802,1.53921206082581,0.416880009319468,0.631594947788652,0.799461598885315,0.073880064012041,-0.25229265661015,-0.7397504619405,166,94,1,2,2,18
mindo166,0.36997917107724,0.914866778447999,1.62581163951598,0.540302218144941,0.726166071975807,0.879332194865167,0.170323047067701,-0.188700706472192,-0.746479444650812,166,87,1,1,2,18
mindy167,0.132131490278862,0.574739367134792,1.26551656656881,0.894343724168986,0.872362668380093,0.836637058667008,0.762212233890124,0.297623301245301,-0.4288795079018,167,21,1,1,1,15
mindb168,,,,,,,,,,168,82,2,2,2,18
mindo168,0.261679281019143,0.750751168611942,1.7036994204299,0.41154287430995,0.616287211319291,0.878492319081261,0.149863593290808,-0.13446395729265,-0.825207101348644,168,78,0,1,2,18
mindo169,0.235517961005834,0.883986700152745,1.12112048270843,0.726301340742384,0.625099799169983,0.603861335809439,0.49078337973655,-0.258886900982762,-0.517259146898988,169,77,1,1,1,16
mindo170,0.241766336376839,0.75924242454426,0.974023471712327,0.518762144716469,0.444373667679458,0.604947548873952,0.27699580833963,-0.314868756864802,-0.369075922838375,170,67,1,1,2,18
mindy171,0.324672215310817,1.02218950651277,1.43966126274092,0.696402678831828,0.710128508989087,0.843304910647375,0.371730463521011,-0.312060997523687,-0.59635635209354,171,21,1,1,2,16
mindo172,0.279876965011205,0.881754529355101,1.41084527731364,0.146620539030078,0.512543435323085,0.730281713376459,-0.133256425981127,-0.369211094032017,-0.680563563937183,172,65,1,1,2,18
mindo175,,,,,,,,,,175,68,1,1,2,18
mindb176,0.20936827850314,0.732198240057137,1.40396325157157,0.589207337072084,0.547464327195706,0.729021957190929,0.379839058568944,-0.18473391286143,-0.674941294380643,176,69,1,2,1,12
mindc176,0.357749059509251,0.711662883936131,0.198269571474074,0.6717364439862,0.578202994754729,0.172455684405692,0.313987384476949,-0.133459889181402,-0.0258138870683818,176,72,1,3,1,12
mindo176,0.0515633757181588,0.892383480666123,1.4259326832534,0.763864572086824,0.605935827532818,0.786185996170389,0.712301196368665,-0.286447653133305,-0.639746687083008,176,65,1,1,1,12
mindo177,,,,,,,,,,177,65,1,1,2,16
mindb178,0.478240219602244,0.87058025051702,1.61520382629851,0.35409354534928,0.640254493321479,0.852913719128064,-0.124146674252964,-0.230325757195542,-0.762290107170446,178,74,1,2,2,16
mindo178,0.456217993195926,0.889369359064224,1.73504988839656,0.52292169329572,0.747619472397197,0.934276675957287,0.0667037000997939,-0.141749886667027,-0.800773212439269,178,70,1,1,2,16
mindy179,0.305286031212283,0.340122321254074,1.2936249283788,0.864468316119114,0.731809801089636,0.705005063104811,0.55918228490683,0.391687479835562,-0.588619865273989,179,19,1,1,2,13
mindb180,0.232287205953266,-0.014576426073697,0.79633358314465,0.355015240343324,-0.0307147384543147,0.393130690046554,0.122728034390058,-0.0161383123806178,-0.403202893098096,180,75,1,2,2,16
mindo180,0.150031158402427,0.29886019073155,0.503590153456629,0.101704095355593,0.19995720770895,0.261626983389228,-0.0483270630468341,-0.0989029830225999,-0.241963170067402,180,71,1,1,2,16
mindy181,0.649102041921472,0.907128024531012,1.20572145479655,0.779242229510073,0.649227693773421,0.807222659052299,0.130140187588601,-0.257900330757591,-0.398498795744255,181,19,1,1,1,13
mindb182,0.433574860280067,0.223170611027693,1.44220551706829,0.306998406763234,0.322795572541203,0.769580213554106,-0.126576453516833,0.0996249615135099,-0.672625303514189,182,71,0,2,2,18
mindo182,0.414748223671715,0.314487299662599,1.51599567133333,0.61304418176764,0.657442832896046,0.766470552930799,0.198295958095925,0.342955533233447,-0.749525118402526,182,67,0,1,2,18
mindy183,0.3534989240919,1.20609758674784,0.90485437434602,0.831026319418152,0.747259479600157,0.579138931552459,0.477527395326252,-0.458838107147687,-0.325715442793561,183,25,1,1,1,16
mindy184,0.178661190962202,0.768700906759733,1.61974270005815,0.872244477132859,0.756164897812313,0.90635367697899,0.693583286170657,-0.0125360089474193,-0.713389023079159,184,25,1,1,2,16
mindy185,0.589281733847087,1.1227322220214,1.48028113924397,0.774625741694099,0.875058239224072,0.84740778668797,0.185344007847012,-0.247673982797324,-0.632873352555998,185,23,1,1,1,16
mindo186,,,,,,,,,,186,68,1,1,2,16
mindy187,0.358560254898561,0.604248879274452,1.62534197252215,0.521439467495231,0.629748645796539,0.846302551006724,0.16287921259667,0.0254997665220872,-0.779039421515422,187,27,1,1,2,18
mindy188,0.382582808375753,0.490689670093466,0.351965573867225,0.462774898534752,0.344518583647953,0.211717131306936,0.0801920901589983,-0.146171086445513,-0.14024844256029,188,26,1,1,1,16
mindb189,0.135298823582188,0.86603504162812,1.4292761452521,0.315659780160688,0.510729649980447,0.730661688033154,0.1803609565785,-0.355305391647673,-0.698614457218948,189,71,1,2,2,18
mindo189,0.147293606138616,0.700302766660545,1.39436790195494,0.72820229769018,0.517897040403122,0.763187717280365,0.580908691551564,-0.182405726257423,-0.631180184674574,189,67,1,1,2,18
mindo190,0.506184664211932,0.466417945102468,1.72704299143361,0.583038506853641,0.51403827726216,0.885524736437965,0.076853842641709,0.0476203321596914,-0.841518254995646,190,70,1,1,2,18
mindy191,0.275593727667269,0.839992317333011,1.41850877777174,0.886515174651659,0.688616783176643,0.776617812963944,0.61092144698439,-0.151375534156368,-0.641890964807793,191,21,1,1,1,15
mindy192,0.240858926062809,0.519657814393084,0.32550884227536,0.695060243229925,0.334919731581284,0.215461512479567,0.454201317167116,-0.184738082811801,-0.110047329795792,192,23,1,1,1,15
mindy193,0.430727069126704,1.25875513710405,1.5093105246812,0.85898660316393,0.767556912208668,0.790933971884032,0.428259534037225,-0.491198224895379,-0.718376552797165,193,27,1,1,1,16
mindy194,0.361316817667244,0.932322471243948,1.93173712240972,0.674567948082271,0.838619557974385,0.970016189189235,0.313251130415027,-0.0937029132695631,-0.961720933220481,194,18,1,1,2,12
mindb195,0.217081553822471,0.222352204689505,1.51942637754986,0.529839741190562,0.287850912969526,0.801517000817071,0.31275818736809,0.065498708280021,-0.717909376732786,195,71,1,2,1,18
mindo195,0.17223248440438,0.74059548077579,1.46356948324286,0.742907285334791,0.459513840850183,0.819078334738718,0.570674800930411,-0.281081639925606,-0.64449114850414,195,67,1,1,1,18
mindy196,0.344010661068028,0.93157295805716,0.565366350429304,0.808294497264942,0.707610483359117,0.276718976359494,0.464283836196914,-0.223962474698042,-0.28864737406981,196,21,1,1,1,15
mindy197,0.448159103756416,0.716471818282601,0.836386907707993,0.648403525448739,0.729787821419561,0.548130170116358,0.200244421692322,0.0133160031369599,-0.288256737591635,197,21,1,1,2,15
mindy198,0.4352709559709,0.279941050234211,1.74146019567508,0.518785267947234,0.782807090964155,0.904124947172619,0.0835143119763341,0.502866040729944,-0.837335248502462,198,22,1,1,2,15
mindo199,0.410922373595623,0.696520268697058,1.52284958295754,0.584264785802874,0.633677908709624,0.855187665924049,0.173342412207251,-0.0628423599874344,-0.667661917033493,199,65,1,1,1,13
mindo200,0.174196498745055,0.553521330932988,1.21721689142335,0.67161934302969,0.449955904801353,0.677080016705014,0.497422844284635,-0.103565426131636,-0.540136874718335,200,66,1,1,2,21
mindo201,,,,,,,,,,201,65,1,1,1,16
mindy202,0.27052724401122,0.928818694465725,1.73019851510443,0.89243948523704,0.752189620530373,0.944551136335939,0.62191224122582,-0.176629073935351,-0.78564737876849,202,22,1,1,1,15
mindo203,0.401417665797793,0.680421341205836,1.36578058162703,0.657055583346955,0.689893785620475,0.812081000962489,0.255637917549162,0.00947244441463895,-0.55369958066454406,203,80,1,1,1,13
mindy204,0.207520295003588,1.27012542474285,1.67969546317783,0.860427899792866,0.735464300134524,0.863795342144302,0.652907604789278,-0.534661124608322,-0.815900121033533,204,24,1,1,1,16
mindb205,0.164605031982888,0.265263290501251,1.12033003060385,0.311753835626001,0.325854832380266,0.597095896211251,0.147148803643112,0.0605915418790156,-0.523234134392597,205,68,1,2,2,16
mindo205,0.241049641721468,0.316565345874082,1.22994497204502,0.54801865603504,0.415997314533451,0.695981230403118,0.306969014313573,0.0994319686593687,-0.5339637416419,205,65,1,1,2,16
mindy206,0.342198574001237,0.724426724994793,1.75054834157352,0.875365039961539,0.885240188208373,0.904369228869234,0.533166465960302,0.16081346321358,-0.846179112704283,206,22,1,1,1,15
mindy207,,,,,,,,,,207,20,1,1,2,14
mindo208,0.232319298757814,0.688881708867984,1.00933077166715,0.730629362535744,0.651116667923452,0.610449566540178,0.49831006377793,-0.037765040944532,-0.39888120512697,208,79,1,1,2,16
mindb209,0.417083174041144,0.703224263477286,1.39713462396394,0.682076948419926,0.768730286342673,0.741537818671368,0.264993774378783,0.0655060228653873,-0.655596805292576,209,70,1,2,2,19
mindo209,0.312916156533781,0.713787119690378,1.51025318235443,0.7786838408726,0.798726712521564,0.821621996524108,0.465767684338819,0.0849395928311863,-0.688631185830321,209,66,1,1,2,19
mindy210,0.15264696190784,1.16059529883325,1.63711390239814,0.900195932543769,0.732478574198849,0.827829077292304,0.747548970635929,-0.428116724634404,-0.809284825105839,210,19,1,1,2,13
mindy211,0.204362795123817,0.917211001938926,1.30760172399682,0.63631822413011,0.733223892879906,0.682034570552728,0.431955429006293,-0.18398710905902,-0.625567153444097,211,22,1,1,1,16
mindb212,0.144364881921307,0.60773314946788,0.694277385550266,0.471206293538125,0.518146295166603,0.504352717039424,0.326841411616818,-0.0895868543012778,-0.189924668510842,212,72,0,2,2,13
mindo212,0.205504337322265,0.0755939719556836,1.2050198064869,0.23949019737231,0.195564546468704,0.628768823674984,0.0339858600500446,0.119970574513021,-0.576250982811917,212,68,0,1,2,13
mindb213,0.0841716748566415,0.304021065736105,0.603980197556382,0.546807451290556,0.368001897976783,0.324725333653339,0.462635776433915,0.0639808322406785,-0.279254863903043,213,74,1,2,1,12
mindc213,0.167418907911804,0.352643946760743,1.28221718459917,0.323225163304241,0.536495408866314,0.678947491726763,0.155806255392437,0.183851462105572,-0.603269692872406,213,77,1,3,1,12
mindo213,0.17043994913646,0.603506229545534,1.01720608845538,0.76183118954652,0.498906727299387,0.636569580684524,0.59139124041006,-0.104599502246146,-0.380636507770855,213,70,1,1,1,12
mindy214,0.22723074335172,0.849436073757606,1.16930276989685,0.883009891751334,0.772458819156673,0.766241803590514,0.655779148399613,-0.0769772546009325,-0.403060966306332,214,22,1,1,2,16
mindy215,0.175116847597017,0.811469308190627,1.2944039315125,0.864031240382962,0.702783514984149,0.706257872965467,0.688914392785944,-0.108685793206478,-0.588146058547032,215,24,1,1,1,16
mindb216,0.440786272955455,0.994781388971502,1.64368674302359,0.627340231080109,0.716616740918338,0.898331661726331,0.186553958124654,-0.278164648053164,-0.745355081297263,216,76,1,2,2,14
mindo216,0.635143643758872,1.32149888671082,1.63088114594714,0.756384774864876,0.839396238313126,0.919294826699172,0.121241131106004,-0.482102648397696,-0.711586319247963,216,72,1,1,2,14
mindb217,0.309169906303342,0.348021404206124,1.33037013218905,0.590023528056896,0.217324290051473,0.715084419109144,0.280853621753554,-0.130697114154651,-0.615285713079904,217,73,1,2,2,19
mindo217,0.137045296823425,0.925489164104262,1.22346942736626,0.700660930920157,0.611665633743778,0.727642341522873,0.563615634096732,-0.313823530360484,-0.495827085843383,217,68,1,1,2,19
mindo218,0.310237413201421,1.14570671023091,1.09789658888642,0.494535856875779,0.787116175819752,0.769792263436368,0.184298443674358,-0.358590534411153,-0.328104325450054,218,66,1,1,1,19
mindo219,0.118764557493233,0.434824162208165,1.19117403085102,0.638228919093529,0.53508764197908,0.815152977608666,0.519464361600296,0.100263479770915,-0.376021053242353,219,75,1,1,1,19
mindb220,0.100361335685047,0.348834343804388,1.54510554215607,0.0796108831245746,0.256141270199796,0.804503329253306,-0.0207504525604724,-0.0926930736045923,-0.740602212902762,220,69,2,2,1,14
mindo220,0.076906447685814,0.584519625223565,1.65727037344789,0.543511510118102,0.738258517869176,0.853963152743036,0.466605062432288,0.15373889264561,-0.803307220704849,220,65,0,1,1,14
mindy221,0.250109024243217,0.664165893706385,1.83075724497233,0.767929051574331,0.852661249021579,0.930540743495882,0.517820027331114,0.188495355315193,-0.900216501476445,221,21,1,1,2,15
mindy222,0.170487042716403,0.767919167726236,1.84611470868265,0.937779600086236,0.770323699057252,0.937615480955028,0.767292557369834,0.00240453133101536,-0.908499227727625,222,27,1,1,1,16
mindy223,0.119871483056317,1.18308463195219,1.80221653610728,0.5785488117762,0.815447252476709,0.926602838845027,0.458677328719882,-0.367637379475477,-0.875613697262257,223,24,1,1,1,16
mindy224,0.141507430062184,1.13072384955428,1.66153885374262,0.868234991076511,0.812195631832092,0.885137729775343,0.726727561014326,-0.318528217722187,-0.776401123967279,224,21,1,1,2,15
mindb225,,,,,,,,,,225,89,1,2,2,16
mindo225,0.721626020885318,1.22713829452297,1.59647921731524,0.73963355346031,0.800714586947874,0.86705276651367,0.018007532574992,-0.426423707575092,-0.729426450801565,225,84,1,1,2,16
mindy226,0.164430058745831,1.3221301051559,1.85002547793845,0.902700297693118,0.813304755210733,0.937463137579867,0.738270238947287,-0.508825349945163,-0.912562340358579,226,25,1,1,1,13
mindb227,0.656149542062588,1.04090882598826,0.741918472988106,0.649230206766838,0.681809003594654,0.713286231556728,-0.0069193352957497,-0.359099822393607,-0.0286322414313782,227,70,1,2,2,16
mindo227,0.804686331497609,0.819224820481753,1.38810778840985,0.575770117273607,0.79770985630388,0.755434949492821,-0.228916214224002,-0.0215149641778724,-0.632672838917027,227,66,1,1,2,16
mindb228,0.209305947387551,0.486224727168705,0.711811467075295,0.107757303284297,0.459150218908385,0.382797561395224,-0.101548644103253,-0.02707450826032,-0.329013905680072,228,79,1,2,1,18
mindo228,0.124440159644411,0.701295602545517,1.26125388266666,0.0627366153661592,0.466388403410778,0.656763957165231,-0.0617035442782519,-0.23490719913474,-0.604489925501425,228,76,1,1,1,18
mindo230,0.256608045236392,0.87350798091973,1.47902337284313,0.508154178308565,0.674014148557344,0.821393949672098,0.251546133072173,-0.199493832362386,-0.657629423171029,230,71,1,1,2,16
mindb231,0.0814316860601976,0.635440524652271,1.08453321948362,0.802759362218351,0.426862359604898,0.565738377919166,0.721327676158153,-0.208578165047372,-0.518794841564452,231,75,1,2,2,18
mindc231,0.050113422050726,-0.0149813620425283,0.393857657542513,0.700450865149495,-0.0633272887104037,0.21144922361614,0.650337443098769,-0.0483459266678754,-0.182408433926372,231,78,,3,2,18
mindo231,0.116233046725325,0.608710158970061,0.556842641672016,0.817672993773061,0.348914579940765,0.359905663984761,0.701439947047735,-0.259795579029296,-0.196936977687255,231,72,1,1,2,18
mindb232,0.432249088578207,1.18514597489241,1.05920788828554,0.552682013244697,0.641839392416778,0.563858071894349,0.120432924666491,-0.543306582475633,-0.495349816391187,232,70,1,2,2,16
mindo232,0.368393517214854,0.689170103559471,1.47769110729973,0.502212234353884,0.659444775329218,0.781605399790244,0.13381871713903,-0.0297253282302526,-0.696085707509484,232,66,1,1,2,16
mindb233,0.128070304887216,0.00118662562566149,0.808129657268216,0.184660144814067,-0.0309706103927232,0.409332664644842,0.0565898399268508,-0.0321572360183847,-0.398796992623374,233,68,1,2,2,18
mindo233,0.324464618364811,0.35845922541304,0.672599681811666,0.366420162055065,0.183754761527632,0.366606816883564,0.0419555436902541,-0.174704463885407,-0.305992864928103,233,65,1,1,2,18
mindy234,0.421936103053541,0.767452138961666,1.00236515793073,0.782602364414807,0.635849327410906,0.686854909269519,0.360666261361266,-0.131602811550759,-0.315510248661208,234,22,1,1,2,16
mindb235,0.282989633924273,0.760802802248145,1.48045348277784,0.799029554774844,0.824850570196101,0.793566503748269,0.516039920850571,0.0640477679479558,-0.686886979029573,235,69,1,2,2,16
mindo235,0.238445474008386,0.565542021783425,1.61128133084563,0.76401738744133,0.797887476259485,0.848367145642878,0.525571913432944,0.23234545447606,-0.762914185202754,235,65,1,1,2,16
mindy236,0.43589828781337,0.47439601724835,1.47911147306512,0.628042510237971,0.280425875994351,0.777152202551348,0.192144222424601,-0.193970141253998,-0.701959270513776,236,18,1,1,1,12
mindy237,0.901947828107488,1.24847277742922,1.2265321498161,0.881487002872865,0.798630674491316,0.798148674035678,-0.0204608252346225,-0.449842102937909,-0.428383475780425,237,26,1,1,1,18
mindo238,0.313584161485981,0.698083332094707,0.748160474718588,0.281190984700054,0.530795239431085,0.503721994780385,-0.0323931767859271,-0.167288092663622,-0.244438479938203,238,72,1,1,1,16
mindy239,0.0458888594391588,0.337500227381782,1.28308672458205,0.350342558402006,0.26703796616182,0.759453145777529,0.304453698962848,-0.0704622612199619,-0.523633578804524,239,24,1,1,2,16
mindy240,0.665736928464189,1.19197385966457,1.81542723079945,0.919218304769598,0.876416289326291,0.954695825736353,0.253481376305408,-0.31555757033828,-0.860731405063094,240,26,1,1,1,18
mindb241,0.424504670513494,0.384723197907455,1.04455764648462,0.607734175522977,0.376400350837558,0.562993876082178,0.183229505009483,-0.00832284706989665,-0.481563770402439,241,72,1,2,2,18
mindo241,0.555901876984349,0.758415336458547,0.471763780499383,0.580065739002047,0.425390015506004,0.26933552767408,0.0241638620176977,-0.333025320952544,-0.202428252825302,241,68,1,1,2,18
mindo242,0.101717720700625,0.248051311123288,0.459087348123291,0.545742286137137,0.721919611699552,0.312577172384136,0.444024565436512,0.473868300576263,-0.146510175739155,242,79,1,1,2,16
mindy243,0.267965106756475,0.911551497122614,1.6692472787174,0.663254858060256,0.65793235471121,0.895048988601925,0.39528975130378,-0.253619142411404,-0.774198290115477,243,19,1,1,1,13
mindb245,,,,,,,,,,245,70,1,2,2,16
mindo245,0.112456884716077,0.762003041876987,0.988520433467127,0.470839595679039,0.421747744027703,0.590137345368451,0.358382710962961,-0.340255297849284,-0.398383088098676,245,66,1,1,2,16
mindo247,,,,,,,,,,247,67,1,1,2,16
mindy248,0.64758239161544,0.446068100755142,1.36612698028046,0.700816891549781,0.858846831724613,0.719492708695269,0.0532344999343419,0.412778730969471,-0.646634271585193,248,21,1,1,2,15
mindy249,0.089645163745356,0.120475652195731,0.144571746973345,0.587093276613258,0.0596894161912781,0.102751438019194,0.497448112867902,-0.0607862360044533,-0.0418203089541503,249,19,1,1,2,12
mindy250,0.274863681243121,1.05464671568898,1.59874970039838,0.795032977317265,0.768528043880602,0.822005266650186,0.520169296074143,-0.286118671808379,-0.776744433748194,250,20,1,1,2,14
mindb251,0.230720325214147,0.371469293846659,1.46445803995054,0.516135873239564,0.237464409655039,0.728891121796873,0.285415548025417,-0.13400488419162,-0.735566918153666,251,71,2,2,1,18
mindo251,0.317507982818315,0.220327346239171,1.51157485881797,0.439986577712381,0.214279871963039,0.799901154117201,0.122478594894066,-0.0060474742761314,-0.711673704700769,251,67,0,1,1,18
mindb252,0.214847803477255,0.598458740744691,1.28852627611385,0.75301009197522,0.686016481025542,0.844540300263024,0.538162288497965,0.0875577402808515,-0.44398597585083,252,69,1,2,2,16
mindo252,0.233642859670698,0.755970986138255,1.36846837136505,0.684756773723839,0.777735824393367,0.877139150533631,0.45111391405314,0.0217648382551119,-0.491329220831419,252,65,1,1,2,16
mindo253,,0.721411750314054,1.43797010141837,,0.535260680751571,0.806804553709262,,-0.186151069562484,-0.631165547709112,253,73,1,1,1,18
mindo254,0.337495532784115,1.31178325188763,1.21533356425724,0.559335691753941,0.855574993811017,0.63376587356399,0.221840158969827,-0.456208258076618,-0.581567690693255,254,70,1,1,2,19
mindb255,0.500040864504253,0.423043454842642,1.20934327835019,0.714463337597275,0.711205928101158,0.775337631956084,0.214422473093022,0.288162473258516,-0.434005646394105,255,70,1,2,2,18
mindo255,0.299238682847477,0.476218239724052,1.30590148463353,0.772413079226743,0.834685273474822,0.822985476553875,0.473174396379266,0.35846703375077,-0.482916008079653,255,66,1,1,2,18
mindb256,0.159201215161718,0.726258867745998,1.68733516548017,0.783564355929244,0.428542229724894,0.908608906482099,0.624363140767526,-0.297716638021104,-0.778726258998066,256,83,1,2,2,16
mindo256,0.0536768720426942,0.735203555245378,1.14719037983405,0.388991460032953,0.53314816248891606,0.591606026751807,0.335314587990259,-0.202055392756462,-0.555584353082242,256,79,1,1,2,16
mindo257,,,,,,,,,,257,65,1,1,2,18
mindb260,0.107144064081333,0.474097759739732,0.906008566320273,0.10883983579551,0.294477139379329,0.528301063048061,0.00169577171417667,-0.179620620360403,-0.377707503272212,260,84,1,2,2,18
mindo260,0.162210646457111,0.143463393368973,0.746877359806312,0.348737339684248,0.124150108580897,0.405400874107536,0.186526693227137,-0.0193132847880757,-0.341476485698777,260,81,1,1,2,18
mindb261,0.416351753832809,0.740177133547223,1.3093123647593,0.796957646657447,0.537733342602037,0.740473597805972,0.380605892824638,-0.202443790945186,-0.56883876695333,261,71,1,2,2,18
mindo261,0.29361565252264,1.08427291023587,1.76751880677592,0.853466915509911,0.670825278829299,0.920212944384932,0.559851262987271,-0.413447631406576,-0.847305862390987,261,67,1,1,2,18
mindb265,0.0946265670323683,0.511287645192308,1.48188955396085,0.115011677584954,0.34801362528207,0.771058266447043,0.0203851105525859,-0.163274019910238,-0.710831287513809,265,68,1,2,2,14
mindo265,0.324728356591158,0.747120726290111,0.832306471637633,0.325171984536202,0.507159553996729,0.487840452466086,4.4362794504372e-4,-0.239961172293381,-0.344466019171547,265,65,1,1,2,14
mindb270,0.272137314267573,0.911201018389479,0.930752426139015,0.549600481380318,0.591819416215043,0.656165832321296,0.277463167112745,-0.319381602174436,-0.274586593817719,270,78,1,2,1,18
mindo270,0.155740336334132,1.62385937539771,1.07673796706164,0.832512989172417,0.919032873831583,0.614918491344348,0.676772652838285,-0.70482650156613,-0.461819475717293,270,74,1,1,1,18
mindb271,0.418797723974712,0.256504640351098,0.799207298174649,0.462854047444991,0.197773496542827,0.433372787011789,0.0440563234702791,-0.0587311438082717,-0.36583451116286,271,72,1,2,1,18
mindo271,0.118092925605835,0.288406643539618,1.1843305053977,0.304227720656476,0.354280426768973,0.753360837926729,0.186134795050641,0.0658737832293545,-0.43096966747097,271,69,1,1,1,18
mindb272,0.331162151803685,0.587182769310875,0.336381813205386,0.679707276303039,0.548300288814067,0.250328451954644,0.348545124499354,-0.0388824804968071,-0.0860533612507421,272,74,1,2,1,15
mindo272,0.464884203243546,0.68565955715351,1.06718033762538,0.75765703578142,0.819983075633762,0.757492506869987,0.292772832537874,0.134323518480252,-0.309687830755397,272,69,1,1,1,15
mindb273,0.435124582021844,0.356522402324446,0.962212281273384,0.463502952192552,0.58737435862794,0.677645407081917,0.0283783701707085,0.230851956303494,-0.284566874191468,273,85,1,2,1,14
mindo273,-0.00542080971890239,0.427264720738698,1.23255157702009,-0.0383456662103989,0.719158933862361,0.809761529410595,-0.0329248564914965,0.291894213123662,-0.422790047609491,273,82,1,1,1,14
mindb274,0.161934006123135,0.171603665979905,1.39870279918226,0.618598736020778,0.253132520579154,0.778321256502894,0.456664729897643,0.0815288545992496,-0.620381542679366,274,78,1,2,1,16
mindo274,0.0154450259709372,0.24204638414695,0.817724353708067,0.240406226269724,0.671927528153436,0.469126562188383,0.224961200298787,0.429881144006486,-0.348597791519684,274,75,1,1,1,16
mindb275,0.245698213481864,0.572927037723725,0.169863637817826,0.614900836634976,0.392239052603138,0.0349536937946749,0.369202623153112,-0.180687985120587,-0.134909944023151,275,78,2,2,1,18
mindo275,0.225473678941017,0.517123639029072,0.684983801119477,0.14626050262592,0.301277562933432,0.359782568551318,-0.0792131763150975,-0.21584607609564,-0.325201232568159,275,75,0,1,1,18
mindo276,,,,,,,,,,276,71,1,1,2,16
mindb278,0.295828164388037,0.0705034131150395,1.29457007881982,0.244674623995045,-0.0152308105097499,0.707270395540257,-0.0511535403929911,-0.0857342236247894,-0.587299683279565,278,75,2,2,2,18
mindo278,0.288026345432107,0.19519036563241,1.19554592203461,0.133544417201,0.150129318855557,0.665823309428802,-0.154481928231107,-0.045061046776853,-0.529722612605809,278,71,1,1,2,18
mindb280,0.290260660881291,0.726645529668302,1.1632129028535,0.370416811821693,0.474712450138785,0.587854690145246,0.0801561509404021,-0.251933079529517,-0.575358212708251,280,71,1,2,2,18
mindo280,0.198025625254529,0.735530802251975,1.57769630658909,0.501018292596328,0.469569865624168,0.807674072330488,0.302992667341799,-0.265960936627807,-0.770022234258599,280,68,1,1,2,18
mindb281,,,,,,,,,,281,69,1,2,2,16
mindo281,-0.0353090899021135,0.400467487408239,1.43973204023593,0.274282948663143,0.513837562562601,0.72143053615172,0.309592038565256,0.113370075154362,-0.718301504084209,281,65,1,1,2,16
mindo282,0.0873021739521331,0.622066988026651,0.318819006518532,0.483253275479056,0.511561281158386,0.294658384191266,0.395951101526923,-0.110505706868265,-0.0241606223272668,282,74,1,1,1,19
mindo283,,,,,,,,,,283,69,1,1,2,14
mindy285,0.248189404164136,0.680384627748663,1.80170602820521,0.671523164824819,0.786691315088945,0.913865505855484,0.423333760660684,0.106306687340282,-0.887840522349729,285,28,1,1,1,18
mindy290,0.168502085690865,0.888260054506971,0.957798176034002,0.82407273174055,0.711276768971525,0.592149706871169,0.655570646049685,-0.176983285535446,-0.365648469162834,290,18,1,1,1,13
mindb292,0.277776091084493,0.986490185508862,1.35717423169265,0.527241046519536,0.687123091811532,0.827451003639882,0.249464955435043,-0.299367093697329,-0.529723228052772,292,70,1,2,1,18
mindo292,0.395884498952839,0.773463242969387,1.73322488387126,0.739424165021225,0.672986099541995,0.92947163656722,0.343539666068386,-0.100477143427392,-0.803753247304039,292,67,1,1,1,18
mindb295,0.25659360869637,1.21294919287767,1.3352823798339,0.471221465485656,0.791688458601964,0.715989285486589,0.214627856789285,-0.42126073427571,-0.619293094347314,295,70,1,2,2,18
mindo295,0.163243956095995,1.14367828567748,1.55418054362973,0.6959416057583,0.829486556614443,0.837070074190665,0.532697649662305,-0.314191729063033,-0.717110469439062,295,67,1,1,2,18
mindo297,0.175290808706342,0.479069777613306,1.21074000240141,0.675828142999337,0.601185758494527,0.672379995874534,0.500537334292995,0.122115980881221,-0.538360006526872,297,65,1,1,1,14
mindo298,,,,,,,,,,298,71,1,1,1,16
mindb299,0.398857623581952,0.344845891974003,0.952880722683097,0.345917971188037,0.221194846638423,0.556945644106373,-0.0529396523939148,-0.12365104533558,-0.395935078576724,299,75,1,2,1,16
mindo299,0.312039504780001,0.618620451160731,1.41412308730435,0.649537672613643,0.3628685816491,0.852871833486059,0.337498167833642,-0.25575186951163,-0.561251253818291,299,72,1,1,1,16
mindm300,0.207487042173666,0.460174038796436,1.60940606832258,0.310714887227684,0.433710385989295,0.819298136474761,0.103227845054018,-0.0264636528071414,-0.790107931847819,300,74,2,1,1,19
mindo303,0.284471361579822,0.294846833405905,1.03613471352903,0.291481602127111,0.189837435499592,0.524463144189823,0.00701024054728966,-0.105009397906313,-0.511671569339212,303,77,1,1,2,18
mindb304,0.19567471321062,0.730111061229461,0.758386466629856,0.586470990462328,0.514652020001234,0.497526609378035,0.390796277251708,-0.215459041228227,-0.260859857251821,304,68,1,2,2,12
mindo304,0.34910488420011,0.466651145780022,1.13646034729501,0.636810642378234,0.607086124149821,0.753877853611157,0.287705758178124,0.1404349783698,-0.38258249368385,304,65,1,1,2,12
mindo306,0.47988347778942,0.490289232355854,0.976791154216049,0.444624382374359,0.250657209406325,0.52021774325766,-0.0352590954150607,-0.239632022949529,-0.456573410958389,306,66,1,1,2,16
mindb308,0.329742515873357,0.315672747342858,1.51260853866828,0.562082528463169,0.178277448387928,0.825588515697745,0.232340012589811,-0.13739529895493,-0.687020022970533,308,69,1,2,1,18
mindo308,0.351253481250131,0.365447533637298,1.43096032315637,0.431739871049645,0.505953701668276,0.71855898983331,0.0804863897995146,0.140506168030978,-0.712401333323064,308,65,1,1,1,18
mindm310,0.0807485869632916,0.965500447270278,1.26368276564748,0.882912581079196,0.735330586330657,0.725484450780371,0.802163994115905,-0.230169860939622,-0.538198314867104,310,75,2,1,1,18
mindb311,0.312883781540147,0.127020844443353,0.318375059396659,0.728832358654279,0.197906194492497,0.350216090537041,0.415948577114132,0.0708853500491442,0.0318410311403822,311,68,1,2,2,14
mindo311,0.132169876784338,0.393303793149921,1.16196916919455,0.370630723132462,0.260229246320855,0.617653483792,0.238460846348124,-0.133074546829066,-0.544315685402548,311,65,1,1,2,14
mindo314,0.163679100866672,0.432910764201915,1.58237097960232,0.633408329810835,0.386815336545958,0.835567493590916,0.469729228944163,-0.0460954276559571,-0.746803486011403,314,65,1,1,2,16
mindb315,0.366077840680717,1.24531099367446,1.25346951305399,0.600927955239853,0.657968122187139,0.639294094947489,0.234850114559137,-0.587342871487323,-0.614175418106497,315,68,1,2,2,12
mindo315,0.381207069537868,1.00341132724865,1.45248840072353,0.398490033394455,0.64069464842115,0.727254672826614,0.0172829638565865,-0.362716678827497,-0.725233727896917,315,65,1,1,2,12
mindo317,0.13931957910936,0.617444474305542,1.09288037332469,0.739073863635845,0.415708054188125,0.588391333367783,0.599754284526485,-0.201736420117417,-0.504489039956903,317,68,1,1,2,16
mindo320,0.374660156762123,0.756727489913862,1.78861219967684,0.672796150888475,0.642437924134018,0.903646874405775,0.298135994126353,-0.114289565779845,-0.884965325271066,320,67,1,1,1,19
mindo321,,,,,,,,,,321,65,2,1,1,18
mindb323,,,,,,,,,,323,68,1,2,1,18
mindo323,,,,,,,,,,323,65,1,1,1,18
mindm324,0.0676934417676843,1.04189289557271,1.85558977372992,0.436739439755422,0.76308353218668,0.939174036598953,0.369045997987738,-0.278809363386032,-0.916415737130968,324,69,2,1,1,16
mindo326,,0.407453851314806,0.976472292197773,,0.409940639684691,0.520231516518567,,0.00248678836988544,-0.456240775679206,326,68,1,1,2,14
mindo328,0.497256649981917,0.68704820317548,1.46567397920743,0.613652968824054,0.414881908354572,0.777146156773066,0.116396318842137,-0.272166294820908,-0.688527822434368,328,75,1,1,1,16
mindo329,,,,,,,,,,329,74,1,1,2,16
mindo330,0.15218752343231,0.737185919479248,0.490054623772092,0.392711563050645,0.456613373663337,0.353173680931283,0.240524039618335,-0.280572545815911,-0.136880942840809,330,65,1,1,2,16
mindb331,0.265644474943469,0.392039428010547,0.4141338356543,0.590973262228583,0.276206186403231,0.300982367985949,0.325328787285115,-0.115833241607316,-0.11315146766835,331,80,1,2,1,18
mindo331,0.542609184134698,0.376375502162892,0.986738013098352,0.488935637500327,0.191947775943998,0.554805723856244,-0.0536735466343709,-0.184427726218894,-0.431932289242108,331,76,1,1,1,18
mindb332,0.436123445614508,0.639235563180153,1.65813762839231,0.430227445419063,0.424144341975575,0.853794639035151,-0.00589600019544517,-0.215091221204579,-0.80434298935716,332,72,1,2,1,18
mindo332,0.323480448607452,0.358065540304596,0.806849276491491,0.234986657950967,0.384374118899372,0.401548531832491,-0.0884937906564852,0.0263085785947757,-0.405300744659,332,69,1,1,1,18
mindb333,0.161276098109937,0.502311433051909,1.05957613993412,0.402866912168577,0.282822797599119,0.623997737001114,0.24159081405864,-0.219488635452789,-0.435578402933006,333,82,1,2,1,16
mindo333,0.164777234892888,0.677652619404259,1.00147609868481,0.518292533967932,0.362478347902223,0.593399054399969,0.353515299075043,-0.315174271502036,-0.408077044284838,333,79,1,1,1,16
mindo334,0.301684543035548,0.86340783101836,0.760200227099536,0.525222012907617,0.718497148485643,0.732118029158248,0.223537469872068,-0.144910682532717,-0.0280821979412877,334,65,1,1,2,14
mindo335,0.709506377443155,0.58418372922287,1.20754748896911,0.640112132237773,0.407799040500296,0.607274216623858,-0.0693942452053818,-0.176384688722574,-0.600273272345253,335,73,1,1,2,21
mindb337,0.219217682728897,0.313932793513849,0.363189064652557,0.344294764367587,0.236686869576837,0.308940376689666,0.12507708163869,-0.0772459239370116,-0.0542486879628909,337,,,,,
mindo337,0.273378298855131,0.595712050726555,1.06131392129738,0.438019811766882,0.444198564654801,0.541156699692823,0.164641512911751,-0.151513486071754,-0.520157221604558,337,68,1,1,2,18
mindo338,0.157282929002575,0.448431952637844,0.836759536868367,0.0850436032665705,0.489419056805789,0.434892959186306,-0.0722393257360047,0.0409871041679448,-0.40186657768206,338,69,1,1,1,16
mindo339,0.190635493387728,0.272128384839742,1.58954186808777,0.761039764118379,0.316602919758929,0.826243046493508,0.570404270730651,0.0444745349191872,-0.763298821594263,339,71,1,1,1,16
mindo340,0.166678925319575,0.207765256569662,1.08173350526305,0.158525239433879,0.44390139763095,0.578376307792005,-0.00815368588569569,0.236136141061288,-0.503357197471042,340,74,1,1,2,18
mindo341,0.0909236092577684,0.756470911784603,0.0621277109376038,0.352411208895851,0.514150254332559,0.035761877875384,0.261487599638083,-0.242320657452044,-0.0263658330622198,341,69,1,1,2,18
mindo342,0.212400243747962,0.736406213750535,1.10401167755316,0.646377684672656,0.410060148449999,0.610384869234857,0.433977440924693,-0.326346065300536,-0.493626808318307,342,73,2,1,1,16
mindo343,0.0169833607070431,0.41748499947114,0.175102981116639,-0.0460686590900458,0.241172040174318,0.0675945020678514,-0.0630520197970889,-0.176312959296822,-0.107508479048787,343,66,1,1,2,14
mindo344,0.411491719162575,0.554550674832843,1.23359647695772,0.420576516833409,0.402952530343509,0.667246629721948,0.00908479767083371,-0.151598144489334,-0.566349847235771,344,74,1,1,2,18
mindo345,,,,,,,,,,345,71,1,1,2,18
mindo346,0.181048171629253,0.44964729811435,0.946912956263049,0.583264811049896,0.786102729938927,0.754256125915106,0.402216639420643,0.336455431824577,-0.192656830347943,346,65,1,1,1,18
mindo347,0.234412423240117,1.14804980628002,1.12324521824637,0.834192533019486,0.755425986721634,0.728452003699909,0.599780109779369,-0.392623819558386,-0.394793214546456,347,65,1,1,1,16
mindo348,0.353559746015244,0.183049436900502,0.5631371340155,0.141810163928288,0.519157047443382,0.335313814053412,-0.211749582086957,0.33610761054288,-0.227823319962088,348,65,1,1,1,16
mindo349,0.328073083429297,0.554245010216863,1.06638337161893,0.181022583511461,0.359046016746673,0.533719901576903,-0.147050499917836,-0.195198993470189,-0.532663470042022,349,67,1,1,2,18
mindo350,0.0824972924309784,0.61594028051164,0.83572416663793,0.669346260428555,0.699306697821329,0.553908204978618,0.586848967997577,0.083366417309689,-0.281815961659311,350,75,1,1,2,16
mindm351,,,,,,,,,,351,68,2,1,1,14
mindo352,0.277733665527965,0.652744503517981,0.829805338533963,0.504141991071363,0.444987702892426,0.589017680804069,0.226408325543397,-0.207756800625555,-0.240787657729894,352,66,1,1,2,16
mindo353,0.203608300130169,1.18657164352523,1.1674515829531,0.868127781358379,0.707452768714345,0.745350578763123,0.66451948122821,-0.479118874810889,-0.422101004189975,353,66,1,1,2,18
mindo354,0.22790722992448,0.588155418745662,1.36705010752839,0.382494148463043,0.524812831499203,0.674078179968294,0.154586918538563,-0.063342587246459,-0.692971927560099,354,71,2,1,2,18
mindm355,0.181061577669529,0.435294656000452,0.746223189144955,0.722647219172556,0.710559899624615,0.577851872568935,0.541585641503026,0.275265243624162,-0.16837131657602,355,74,2,1,1,19
mindo356,0.197145063344556,0.281690621207684,0.851317041080624,0.314797405005952,0.354333274827449,0.430742030373335,0.117652341661397,0.0726426536197655,-0.420575010707288,356,76,1,1,2,18
mindo357,0.213541869020973,0.365694250543035,1.17334048390887,0.28351135217405,0.845817659086774,0.746680821288681,0.0699694831530776,0.48012340854374,-0.426659662620186,357,70,1,1,2,18
mindo358,,,,,,,,,,358,65,1,1,1,18
mindo359,0.3109065551856,0.466176970295136,1.63836360596478,0.744615974995408,0.447204376598941,0.833985719614933,0.433709419809809,-0.018972593696195,-0.804377886349844,359,71,1,1,1,16
mindm361,0.0394351101403594,0.432131265453718,1.60342839884118,0.0531077896489979,0.711529042820573,0.832987599677896,0.0136726795086385,0.279397777366855,-0.770440799163285,361,76,1,1,1,12
mindo362,0.140050008900372,0.886802678317085,1.69637504573564,0.651414745583542,0.537499880391272,0.889534227034895,0.511364736683171,-0.349302797925813,-0.80684081870075,362,77,2,1,2,18
mindm363,0.117036354829798,0.646760937742355,1.73632465416416,0.812385629105946,0.754926426649542,0.903443071089704,0.695349274276148,0.108165488907187,-0.832881583074456,363,68,2,1,1,16
mindo364,0.216978364259118,0.392489557949752,0.821310664211457,0.4124067400155,0.424782620922103,0.431286821157398,0.195428375756382,0.0322930629723503,-0.390023843054059,364,69,1,1,2,16
mindo365,0.263350697264187,0.310458874590111,0.637291724898226,0.411155391950053,0.830179172673635,0.391386991135335,0.147804694685865,0.519720298083524,-0.245904733762891,365,65,1,1,1,16
mindm366,0.414890991169559,0.399983356636355,0.480934278410551,0.617664038006156,0.488263654833624,0.239459195376105,0.202773046836598,0.0882802981972695,-0.241475083034446,366,78,2,1,2,16
mindm367,0.168305087649986,0.663093268790068,0.589498018494897,0.404557196488642,0.341089591209196,0.380689546378979,0.236252108838656,-0.322003677580873,-0.208808472115918,367,76,1,1,1,21
mindm368,0.288530301919377,0.696327633892009,0.765861015208153,0.336219545792866,0.437321042057119,0.471062718573692,0.0476892438734891,-0.25900659183489,-0.29479829663446,368,71,2,1,1,18
mindo369,0.183199936156977,0.970863674919173,1.50757732204367,0.806912447044614,0.76846760614411,0.861201977392959,0.623712510887637,-0.202396068775063,-0.646375344650714,369,75,1,1,2,18
mindo370,0.258621751523022,0.549702294856412,0.847740203202717,0.39519463020439,0.381528585143555,0.516587922766104,0.136572878681368,-0.168173709712857,-0.331152280436612,370,76,1,1,1,18
mindm371,,,,,,,,,,371,86,3,1,1,15
mindm372,0.201685408850414,0.86771232551777,0.804624436112708,0.652474923820963,0.560148675745516,0.566385639051643,0.45078951497055,-0.307563649772254,-0.238238797061065,372,82,2,1,1,19
mindm373,0.40629886668497,0.587937085187949,0.94398274935896,0.679269285898839,0.731175779049657,0.63639810570413,0.272970419213869,0.143238693861708,-0.30758464365483,373,69,2,1,1,16
mindo374,0.208184265203734,1.16174318733436,0.960232414016977,0.618316186768649,0.750013942086052,0.476764348815567,0.410131921564915,-0.41172924524831,-0.48346806520141,374,82,1,1,2,18
mindo375,0.41270678792187,0.772649578054871,1.04719903024418,0.381854285154106,0.714500843528682,0.725020231302153,-0.0308525027677645,-0.0581487345261886,-0.322178798942031,375,76,1,1,1,18
mindo376,0.569297788405092,0.477399732603983,0.987165350050898,0.600028756745027,0.594644207530688,0.662545099782536,0.030730968339935,0.117244474926706,-0.324620250268363,376,75,1,1,2,14
mindo377,,,,,,,,,,377,65,1,1,2,13
mindm378,-0.0172674974378125,0.423768340407822,1.18599684684399,0.0656117727845444,0.338450662107782,0.601210712630748,0.0828792702223569,-0.0853176783000398,-0.584786134213244,378,81,2,1,2,16
mindo379,0.189802420512135,0.683579457326218,1.26353863826638,0.534690404935302,0.591629072349019,0.638825054908413,0.344887984423167,-0.0919503849771989,-0.624713583357968,379,65,2,1,2,16
mindo380,0.196907951272784,0.884136464076455,0.835196420790857,0.584405120699454,0.717939348674245,0.4977758215525,0.38749716942667,-0.16619711540221,-0.337420599238357,380,65,1,1,1,14
mindm381,0.143939069931052,0.130943025744782,0.220865269515267,0.276243112255937,0.0240339257420709,0.105703507638605,0.132304042324885,-0.106909100002711,-0.115161761876662,381,87,2,1,2,18
mindm382,0.284392124731875,0.144404586000694,0.674596382389805,0.264038114547655,0.139226237903658,0.31888975899252,-0.0203540101842201,-0.00517834809703578,-0.355706623397285,382,71,2,1,2,12
mindm383,0.0806762068130687,0.465727672650074,0.199261071411655,0.0898614978643192,0.282964187738185,0.155949302029351,0.00918529105125051,-0.182763484911889,-0.0433117693823038,383,80,2,1,2,18
mindo384,0.34330273077601,0.689284524292604,0.516016427696446,0.4726384801019,0.488513225295881,0.278112438059056,0.129335749325891,-0.200771298996723,-0.237903989637391,384,67,1,1,2,16
mindo385,,,,,,,,,,385,76,1,1,2,20
mindo386,0.217213034724428,0.581529645730194,1.56190399974193,0.526747628024928,0.421724251765897,0.819918992749704,0.3095345933005,-0.159805393964297,-0.741985006992226,386,69,1,1,2,16
mindm387,0.122148755578237,0.908718999520483,1.54894380113257,0.616902289520527,0.622868503636907,0.786633758320033,0.49475353394229,-0.285850495883577,-0.762310042812534,387,74,2,1,2,14
mindm388,0.249888919158668,-0.00894268016239408,0.452137834581342,0.201218733462584,0.145901269729622,0.204093314957593,-0.0486701856960846,0.154843949892016,-0.248044519623748,388,82,2,1,2,13
mindm389,0.0837356480916319,0.27907086814115,0.68047277417893,0.730460341217003,0.14327350198677,0.372652175792958,0.646724693125371,-0.13579736615438,-0.307820598385973,389,68,2,1,2,12
mindo390,0.444613106957402,0.682283735885353,0.839556011008774,0.577352081971236,0.457476945628228,0.538174455727526,0.132738975013835,-0.224806790257125,-0.301381555281248,390,71,1,1,1,21
mindm391,,,,,,,,,,391,76,2,1,1,13
mindo392,0.190312825459501,0.563834669536444,1.21552728136479,0.308330343576407,0.540512942381265,0.657648688889386,0.118017518116906,-0.0233217271551788,-0.557878592475407,392,66,1,1,2,16
mindo393,0.368242111831316,1.20371255384205,1.34578067347645,0.441270454115099,0.625116323999944,0.694821047135505,0.0730283422837823,-0.578596229842104,-0.650959626340949,393,78,1,1,2,18
mindm394,-0.0031049690483336,0.624202204566749,1.29153843495106,0.130358234645091,0.463354766655037,0.671631485281103,0.133463203693425,-0.160847437911713,-0.619906949669957,394,76,2,1,2,14
mindm395,0.0550306831888259,0.477158961363057,0.0924324082165178,0.774761159212784,0.410259340901851,0.0449601754987508,0.719730476023958,-0.0668996204612063,-0.0474722327177669,395,68,3,1,1,12
mindm396,0.119435115571842,0.346882477911758,0.944273959812328,0.679727733258234,0.362382214614799,0.557313016359039,0.560292617686392,0.0154997367030408,-0.386960943453289,396,72,2,1,1,16
mindo397,0.238617295616993,0.623315444749087,0.941963433377644,0.668273409956488,0.447563656992014,0.55586423523746,0.429656114339495,-0.175751787757072,-0.386099198140184,397,75,1,1,1,21
mindo398,0.313266276095158,0.266639812266811,1.28197275294304,0.798986998890595,0.352796067684297,0.707934179449528,0.485720722795437,0.0861562554174862,-0.57403857349351,398,77,1,1,2,12
mindo399,,,,,,,,,,399,71,1,1,2,18
mindo400,0.208639669782698,0.263797000759043,0.911564519797472,0.157362277152797,0.119784685500343,0.454079978136141,-0.0512773926299014,-0.1440123152587,-0.457484541661331,400,77,1,1,2,18
mindm401,0.216181365135268,0.770846446603906,0.808227090996461,0.382388399285744,0.411629391417804,0.451585392424436,0.166207034150477,-0.359217055186101,-0.356641698572025,401,65,2,1,2,18
mindm402,0.159179502411438,,,0.356880316304335,,,0.197700813892897,,,402,75,2,1,1,18
mindm403,0.20339126914959,0.318089794299548,1.10328989657054,0.538417781912279,0.347305374974462,0.590820851575942,0.335026512762689,0.0292155806749142,-0.512469044994602,403,83,2,1,1,16
mindo404,0.332472989606549,0.688916083403168,1.61715821292587,0.477116929131751,0.78652190653881,0.875680695212991,0.144643939525202,0.0976058231356421,-0.74147751771288,404,68,1,1,1,21
mindo405,0.426881264147921,0.189261675906561,0.503307471000737,0.441584774489758,0.107736446741603,0.274917173952352,0.0147035103418365,-0.0815252291649576,-0.228390297048385,405,68,1,1,2,18
mindm406,0.28816135173363,0.493701646761078,0.585377651912151,0.607989078367104,0.430820013963771,0.288643776408635,0.319827726633475,-0.0628816327973064,-0.296733875503516,406,80,2,1,2,13
mindm407,0.118862712571081,0.680190132859264,0.879750576623832,0.424884573893882,0.489149326112225,0.429242036181039,0.306021861322801,-0.191040806747039,-0.450508540442793,407,76,2,1,2,13
mindm409,0.355691174014175,0.383709655910832,1.69927988030621,0.641404438436307,0.366559650755698,0.884762338286778,0.285713264422132,-0.0171500051551346,-0.814517542019437,409,72,2,1,2,14
mindm410,0.396602728472995,0.429435419482429,1.11713564341476,0.577527799503905,0.761938978585824,0.597952520334419,0.180925071030909,0.332503559103395,-0.519183123080345,410,73,2,1,2,16
mindo411,,,,,,,,,,411,66,1,1,2,16
mindo412,0.107395095919834,0.381951001945668,1.75547004801454,0.768718672189603,0.445289920521023,0.913099107094898,0.661323576269769,0.0633389185753548,-0.842370940919639,412,74,1,1,2,14
mindo413,0.346619381875987,0.51088058359869,0.836761775121348,0.564080800783994,0.596870697318171,0.502393844519475,0.217461418908007,0.0859901137194814,-0.334367930601873,413,84,1,1,1,21
mindo414,0.271609861341738,0.477346859126149,1.61625769539141,0.609605254689069,0.419234298923192,0.842163838365566,0.337995393347331,-0.058112560202957,-0.774093857025841,414,77,1,1,2,19
mindo415,0.343785768088443,0.473488544718019,1.38306894911002,0.681078993319366,0.540904659459687,0.746458006737344,0.337293225230923,0.0674161147416678,-0.636610942372673,415,80,1,1,1,14
mindo416,0.0725231554878631,0.189506216654648,1.43688332802726,0.607141780876941,0.225386191180808,0.736448079921803,0.534618625389078,0.0358799745261602,-0.700435248105453,416,71,1,1,1,19
mindm417,0.117468316164615,1.02133497264538,1.00396449355381,0.330202625956328,0.686240786906435,0.509622206861278,0.212734309791712,-0.335094185738946,-0.494342286692533,417,72,2,1,1,12
mindo418,0.257817334999888,0.956107734000297,1.5398853720136,0.608096534265533,0.715669616696116,0.869961320519232,0.350279199265645,-0.240438117304182,-0.669924051494364,418,68,1,1,2,16
mindo419,0.348265512572985,0.743683227243424,1.41437523973754,0.568442166105002,0.509509750280273,0.713067380283759,0.220176653532017,-0.234173476963151,-0.701307859453784,419,69,1,1,2,15
mindo420,0.338742104725766,0.269312826205968,1.16301896268869,0.316026888674147,0.193113626162312,0.58991448445617,-0.0227152160516186,-0.0761992000436552,-0.573104478232515,420,70,1,1,2,18
mindo421,0.161833599245346,0.648158375076132,1.57241488931796,0.899844619118687,0.701372906086946,0.800136302559251,0.738011019873341,0.0532145310108135,-0.772278586758708,421,65,1,1,2,16
mindo422,0.401851907150115,0.728457698889293,1.30664100222991,0.727621283259001,0.572751803389169,0.760489661164795,0.325769376108885,-0.155705895500124,-0.546151341065114,422,76,1,1,2,18
mindo423,0.117151540828931,0.378248414572463,1.52484779431958,0.811035139753187,0.496138178861519,0.890952770966494,0.693883598924256,0.117889764289056,-0.633895023353085,423,65,1,1,1,17
mindo424,0.230739676428609,0.827953090641186,1.68900234438097,0.65579303619388,0.679222581195009,0.875704009380531,0.42505335976527,-0.148730509446177,-0.81329833500044,424,66,1,1,2,13
mindo425,0.377730952238686,0.272312567757847,0.998797218094789,0.425601698310575,0.322744623166444,0.51773771935552,0.0478707460718887,0.0504320554085976,-0.481059498739269,425,66,1,1,1,19
mindm426,0.172347086491531,0.251603602356303,1.27076862067705,0.344484022428368,0.406739812735236,0.826813149146854,0.172136935936836,0.155136210378932,-0.443955471530196,426,70,1,1,1,18
mindm427,0.0695717099566843,0.390691753150242,0.261583874559717,0.405373413836367,0.292666958101896,0.15269162537981,0.335801703879682,-0.0980247950483454,-0.108892249179907,427,71,2,1,2,16
mindm428,0.205502220911539,0.329500038014788,0.616448089916117,0.560772231814918,0.375441293296308,0.302582735828185,0.355270010903379,0.0459412552815209,-0.313865354087932,428,85,2,1,1,13
mindm429,0.0591795365522492,0.724828133530431,0.969870738648982,0.417808778762845,0.557273886611838,0.650815032986295,0.358629242210596,-0.167554246918594,-0.319055705662687,429,70,2,1,1,16
mindm430,0.361416560231444,0.185986652669583,0.643160029674485,0.620163128660224,0.179078719627664,0.346903888888012,0.258746568428779,-0.0069079330419188,-0.296256140786473,430,67,2,1,2,16
mindm431,0.351104127008883,1.06989366288369,0.903251343370762,0.40001411741895,0.641180028235764,0.527289249817232,0.048909990410067,-0.428713634647924,-0.37596209355353,431,71,2,1,1,14
mindo432,0.37225910983016,0.561578853733546,0.682641924694728,0.618802904133941,0.41576778437348,0.366915123268177,0.24654379430378,-0.145811069360065,-0.315726801426551,432,72,1,1,1,16
mindm433,0.27735150020679,0.977224066677191,0.781461501537974,0.496893925417627,0.780898024975723,0.496950009598504,0.219542425210838,-0.196326041701467,-0.28451149193947,433,76,2,1,1,14
mindm434,0.213864112869496,0.0285247954071404,1.36281180825354,0.216712353849585,0.296655070707971,0.786004369036665,0.00284824098008915,0.26813027530083,-0.576807439216875,434,84,2,1,1,14
mindm435,0.262092616849034,0.357888816841073,0.88493332622092,0.441525216268118,0.257845562243829,0.585934275195643,0.179432599419083,-0.100043254597244,-0.298999051025277,435,76,2,1,2,16
mindm436,0.0978107870029587,0.80183647067030706,1.35917821310978,0.336171441622222,0.571237281547849,0.747361226724056,0.238360654619264,-0.230599189122458,-0.611816986385729,436,71,2,1,1,14
mindm437,0.493409217970745,0.494397853965276,1.16067987283532,0.367111870776118,0.811820728966447,0.673901810307997,-0.126297347194627,0.31742287500117,-0.486778062527328,437,84,2,1,1,18
mindm438,0.111480390214356,0.349764763667398,1.39133249092721,0.541774225163246,0.253047792652648,0.733578056957682,0.430293834948891,-0.0967169710147498,-0.657754433969526,438,70,2,1,1,16
mindm439,0.494375687891449,0.369880959892849,1.598110490109,0.526859802409264,0.715533593489361,0.812720706210486,0.0324841145178142,0.345652633596513,-0.785389783898517,439,70,2,1,1,15
mindo440,0.173685070983522,0.516524678612638,1.26179071666185,0.0950280712152413,0.600197176718805,0.697641046934783,-0.0786569997682803,0.083672498106167,-0.564149669727068,440,67,1,1,2,12
mindo441,,,,,,,,,,441,67,1,1,2,18
mindo442,0.110433232947849,0.850433030761248,1.64306727177431,0.445858571026437,0.668677154540489,0.834990418188033,0.335425338078588,-0.181755876220759,-0.808076853586273,442,65,1,1,2,12
mindo443,0.162133007641977,0.79479178498081,1.18391236272063,0.603371378351563,0.484814596896342,0.66529671991509,0.441238370709586,-0.309977188084469,-0.518615642805544,443,71,1,1,1,18
mindm444,0.283948591200927,1.25489926229564,1.21097842225044,0.527695615116304,0.701975024950403,0.861869526420559,0.243747023915377,-0.552924237345238,-0.349108895829881,444,65,2,1,1,18
mindo445,0.290055090268551,0.677128073819187,1.66162086158489,0.772968746640047,0.732879407740587,0.865738471179941,0.482913656371496,0.0557513339214009,-0.795882390404947,445,65,1,1,2,21
mindo446,0.246840376248202,0.588976457666204,1.5441580218994,0.65852677848457,0.61071804048633,0.798963375374026,0.411686402236368,0.0217415828201268,-0.745194646525378,446,68,1,1,2,16
mindm447,0.195130786695727,1.12281625992058,1.3074200857425,0.617700374870456,0.680763196003225,0.863769571053492,0.422569588174728,-0.442053063917355,-0.443650514689004,447,66,2,1,1,12
mindo448,,0.347787685043987,0.992471698600851,,0.153884295485626,0.517023492121311,,-0.193903389558361,-0.47544820647954,448,71,2,1,2,16
mindo450,0.0827665423513959,1.04947582059443,1.16480709221765,0.624886703876979,0.632755879371975,0.687679112827644,0.542120161525583,-0.416719941222457,-0.477127979390004,450,69,1,1,2,14
mindo451,0.218956332120164,0.518190696712674,0.997194138480818,0.0815095450596364,0.415769200920816,0.567788985075664,-0.137446787060528,-0.102421495791858,-0.429405153405154,451,72,1,1,2,14
mindo452,0.228501765897288,0.282301740593364,0.912242691803821,0.515963819028656,0.215507327335274,0.531830104030037,0.287462053131368,-0.06679441325809,-0.380412587773784,452,75,1,1,2,18
mindo453,0.478067335033951,0.749413131014352,1.61821001207142,0.308827020394988,0.7798779401253,0.841111057667145,-0.169240314638962,0.0304648091109474,-0.777098954404271,453,69,1,1,2,21
