subject,age_group,n_runs,total_frames,total_excluded,pct_excluded,pct_excluded_drug,pct_excluded_placebo,n_runs_drug,n_runs_placebo
mindb100,b,3,540,62,11.4815,,11.4815,0,3
mindb105,b,3,540,2,0.3704,,0.3704,0,3
mindb107,b,3,540,21,3.8889,,3.8889,0,3
mindb109,b,3,540,12,2.2222,,2.2222,0,3
mindb116,b,3,540,66,12.2222,,12.2222,0,3
mindb118,b,3,540,62,11.4815,,11.4815,0,3
mindb123,b,3,540,37,6.8519,,6.8519,0,3
mindb127,b,3,540,15,2.7778,,2.7778,0,3
mindb129,b,7,1266,36,2.8436,,2.8436,0,7
mindb132,b,5,903,3,0.3322,,0.3322,0,5
mindb133,b,5,903,163,18.0509,,18.0509,0,5
mindb139,b,3,540,9,1.6667,,1.6667,0,3
mindb142,b,3,540,5,0.9259,,0.9259,0,3
mindb144,b,3,540,25,4.6296,,4.6296,0,3
mindb151,b,3,540,11,2.037,,2.037,0,3
mindb157,b,3,540,4,0.7407,,0.7407,0,3
mindb158,b,5,903,86,9.5238,,9.5238,0,5
mindb160,b,3,540,4,0.7407,,0.7407,0,3
mindb161,b,5,903,3,0.3322,,0.3322,0,5
mindb162,b,5,903,6,0.6645,,0.6645,0,5
mindb163,b,7,1266,438,34.5972,,34.5972,0,7
mindb165,b,7,1266,35,2.7646,,2.7646,0,7
mindb166,b,3,540,47,8.7037,,8.7037,0,3
mindb176,b,7,1266,11,0.8689,,0.8689,0,7
mindb178,b,7,1266,5,0.3949,,0.3949,0,7
mindb180,b,5,903,96,10.6312,,10.6312,0,5
mindb182,b,5,903,97,10.742,,10.742,0,5
mindb189,b,5,903,82,9.0808,,9.0808,0,5
mindb195,b,7,1266,85,6.7141,,6.7141,0,7
mindb205,b,7,1266,11,0.8689,,0.8689,0,7
mindb209,b,5,903,5,0.5537,,0.5537,0,5
mindb212,b,5,903,62,6.866,,6.866,0,5
mindb213,b,5,903,21,2.3256,,2.3256,0,5
mindb216,b,5,903,5,0.5537,,0.5537,0,5
mindb217,b,5,903,23,2.5471,,2.5471,0,5
mindb220,b,5,903,110,12.1816,,12.1816,0,5
mindb227,b,5,903,27,2.99,,2.99,0,5
mindb228,b,5,903,36,3.9867,,3.9867,0,5
mindb231,b,5,903,68,7.5305,,7.5305,0,5
mindb232,b,5,903,63,6.9767,,6.9767,0,5
mindb233,b,5,903,180,19.9336,,19.9336,0,5
mindb235,b,5,903,16,1.7719,,1.7719,0,5
mindb241,b,5,903,116,12.8461,,12.8461,0,5
mindb251,b,5,903,196,21.7054,,21.7054,0,5
mindb252,b,5,903,0,0.0,,0.0,0,5
mindb255,b,5,903,13,1.4396,,1.4396,0,5
mindb256,b,5,903,33,3.6545,,3.6545,0,5
mindb260,b,3,540,103,19.0741,,19.0741,0,3
mindb261,b,3,540,23,4.2593,,4.2593,0,3
mindb265,b,5,903,151,16.722,,16.722,0,5
mindb270,b,3,540,37,6.8519,,6.8519,0,3
mindb271,b,3,540,26,4.8148,,4.8148,0,3
mindb272,b,3,540,14,2.5926,,2.5926,0,3
mindb273,b,5,903,68,7.5305,,7.5305,0,5
mindb274,b,5,903,67,7.4197,,7.4197,0,5
mindb275,b,5,903,54,5.9801,,5.9801,0,5
mindb278,b,3,540,114,21.1111,,21.1111,0,3
mindb280,b,3,540,14,2.5926,,2.5926,0,3
mindb292,b,3,540,16,2.963,,2.963,0,3
mindb295,b,3,540,22,4.0741,,4.0741,0,3
mindb299,b,3,540,29,5.3704,,5.3704,0,3
mindb303,b,3,540,37,6.8519,,6.8519,0,3
mindb304,b,3,540,12,2.2222,,2.2222,0,3
mindb308,b,3,540,58,10.7407,,10.7407,0,3
mindb311,b,3,540,52,9.6296,,9.6296,0,3
mindb315,b,3,540,8,1.4815,,1.4815,0,3
mindb331,b,3,540,49,9.0741,,9.0741,0,3
mindb332,b,3,540,34,6.2963,,6.2963,0,3
mindb333,b,3,540,5,0.9259,,0.9259,0,3
mindb337,b,2,360,141,39.1667,,39.1667,0,2
mindb343,b,2,360,146,40.5556,,40.5556,0,2
mindb344,b,1,180,4,2.2222,,2.2222,0,1
mindb352,b,1,180,3,1.6667,,1.6667,0,1
mindc107,c,3,540,162,30.0,,30.0,0,3
mindc109,c,3,540,25,4.6296,,4.6296,0,3
mindc116,c,3,540,144,26.6667,,26.6667,0,3
mindc118,c,3,540,74,13.7037,,13.7037,0,3
mindc123,c,3,540,65,12.037,,12.037,0,3
mindc127,c,1,180,6,3.3333,,3.3333,0,1
mindc133,c,3,540,134,24.8148,,24.8148,0,3
mindc139,c,3,540,4,0.7407,,0.7407,0,3
mindc142,c,3,540,62,11.4815,,11.4815,0,3
mindc144,c,3,540,17,3.1481,,3.1481,0,3
mindc157,c,1,180,1,0.5556,,0.5556,0,1
mindc160,c,3,540,6,1.1111,,1.1111,0,3
mindc161,c,3,540,16,2.963,,2.963,0,3
mindc165,c,3,540,63,11.6667,,11.6667,0,3
mindc176,c,3,540,11,2.037,,2.037,0,3
mindc180,c,1,180,6,3.3333,,3.3333,0,1
mindc195,c,1,180,27,15.0,,15.0,0,1
mindc205,c,1,180,0,0.0,,0.0,0,1
mindc209,c,1,180,1,0.5556,,0.5556,0,1
mindc213,c,3,540,25,4.6296,,4.6296,0,3
mindc216,c,1,180,0,0.0,,0.0,0,1
mindc228,c,1,180,4,2.2222,,2.2222,0,1
mindc231,c,1,180,15,8.3333,,8.3333,0,1
mindm300,m,3,540,21,3.8889,,3.8889,0,3
mindm310,m,5,903,28,3.1008,,3.1008,0,5
mindm324,m,5,903,11,1.2182,,1.2182,0,5
mindm355,m,5,903,51,5.6478,,5.6478,0,5
mindm361,m,5,903,28,3.1008,,3.1008,0,5
mindm363,m,5,903,1,0.1107,,0.1107,0,5
mindm366,m,5,903,26,2.8793,,2.8793,0,5
mindm367,m,5,903,123,13.6213,,13.6213,0,5
mindm368,m,5,903,93,10.299,,10.299,0,5
mindm372,m,5,903,138,15.2824,,15.2824,0,5
mindm373,m,5,903,64,7.0875,,7.0875,0,5
mindm378,m,5,903,123,13.6213,,13.6213,0,5
mindm381,m,5,903,54,5.9801,,5.9801,0,5
mindm382,m,5,903,266,29.4574,,29.4574,0,5
mindm383,m,5,903,249,27.5748,,27.5748,0,5
mindm387,m,5,903,19,2.1041,,2.1041,0,5
mindm388,m,5,903,291,32.2259,,32.2259,0,5
mindm389,m,5,903,71,7.8627,,7.8627,0,5
mindm394,m,3,540,100,18.5185,,18.5185,0,3
mindm395,m,5,903,37,4.0975,,4.0975,0,5
mindm396,m,5,903,67,7.4197,,7.4197,0,5
mindm401,m,5,903,140,15.5039,,15.5039,0,5
mindm402,m,5,903,532,58.9147,,58.9147,0,5
mindm403,m,5,903,112,12.4031,,12.4031,0,5
mindm406,m,5,903,20,2.2148,,2.2148,0,5
mindm407,m,5,903,36,3.9867,,3.9867,0,5
mindm409,m,5,903,45,4.9834,,4.9834,0,5
mindm410,m,5,903,21,2.3256,,2.3256,0,5
mindm417,m,3,540,52,9.6296,,9.6296,0,3
mindm426,m,3,540,103,19.0741,,19.0741,0,3
mindm427,m,3,540,202,37.4074,,37.4074,0,3
mindm428,m,3,540,56,10.3704,,10.3704,0,3
mindm429,m,3,540,12,2.2222,,2.2222,0,3
mindm430,m,3,540,53,9.8148,,9.8148,0,3
mindm431,m,3,540,10,1.8519,,1.8519,0,3
mindm433,m,3,540,37,6.8519,,6.8519,0,3
mindm434,m,3,540,121,22.4074,,22.4074,0,3
mindm435,m,3,540,22,4.0741,,4.0741,0,3
mindm436,m,3,540,96,17.7778,,17.7778,0,3
mindm437,m,3,540,9,1.6667,,1.6667,0,3
mindm438,m,3,540,52,9.6296,,9.6296,0,3
mindm439,m,3,540,1,0.1852,,0.1852,0,3
mindm444,m,3,540,10,1.8519,,1.8519,0,3
mindm447,m,3,540,3,0.5556,,0.5556,0,3
mindo100,old,8,1440,9,0.625,1.1111,0.1389,4,4
mindo105,old,8,1440,36,2.5,3.3333,1.6667,4,4
mindo107,old,7,1260,82,6.5079,6.8056,6.1111,4,3
mindo108,old,8,1440,296,20.5556,18.8889,22.2222,4,4
mindo109,old,8,1440,120,8.3333,11.9444,4.7222,4,4
mindo114,old,8,1440,137,9.5139,10.9722,8.0556,4,4
mindo115,old,3,540,84,15.5556,15.5556,,3,0
mindo116,old,8,1440,183,12.7083,15.9722,9.4444,4,4
mindo118,old,8,1440,225,15.625,14.5833,16.6667,4,4
mindo120,old,8,1440,44,3.0556,3.1944,2.9167,4,4
mindo123,old,8,1440,206,14.3056,19.5833,9.0278,4,4
mindo124,old,8,1440,41,2.8472,2.9167,2.7778,4,4
mindo127,old,8,1440,153,10.625,11.1111,10.1389,4,4
mindo129,old,8,1440,24,1.6667,2.9167,0.4167,4,4
mindo132,old,8,1440,11,0.7639,0.4167,1.1111,4,4
mindo133,old,8,1440,330,22.9167,16.1111,29.7222,4,4
mindo139,old,8,1440,14,0.9722,1.1111,0.8333,4,4
mindo140,old,6,1080,47,4.3519,7.037,1.6667,3,3
mindo141,old,8,1440,24,1.6667,1.8056,1.5278,4,4
mindo142,old,8,1440,66,4.5833,6.3889,2.7778,4,4
mindo143,old,5,900,11,1.2222,1.1111,1.2963,2,3
mindo144,old,8,1440,10,0.6944,1.3889,0.0,4,4
mindo149,old,4,720,29,4.0278,,4.0278,0,4
mindo150,old,6,1080,52,4.8148,2.2222,7.4074,3,3
mindo151,old,8,1440,27,1.875,1.9444,1.8056,4,4
mindo152,old,8,1440,178,12.3611,8.3333,16.3889,4,4
mindo153,old,8,1440,97,6.7361,11.9444,1.5278,4,4
mindo154,old,8,1440,26,1.8056,2.3611,1.25,4,4
mindo155,old,4,720,3,0.4167,,0.4167,0,4
mindo156,old,4,720,7,0.9722,,0.9722,0,4
mindo157,old,4,720,27,3.75,,3.75,0,4
mindo158,old,4,720,23,3.1944,,3.1944,0,4
mindo159,old,4,720,50,6.9444,,6.9444,0,4
mindo160,old,4,720,1,0.1389,,0.1389,0,4
mindo161,old,4,720,2,0.2778,,0.2778,0,4
mindo162,old,4,720,15,2.0833,,2.0833,0,4
mindo163,old,4,720,39,5.4167,,5.4167,0,4
mindo164,old,4,720,4,0.5556,,0.5556,0,4
mindo165,old,3,540,3,0.5556,,0.5556,0,3
mindo166,old,4,720,33,4.5833,,4.5833,0,4
mindo168,old,4,720,38,5.2778,,5.2778,0,4
mindo169,old,4,720,1,0.1389,,0.1389,0,4
mindo170,old,4,720,1,0.1389,,0.1389,0,4
mindo172,old,4,720,47,6.5278,,6.5278,0,4
mindo176,old,4,720,0,0.0,,0.0,0,4
mindo178,old,4,720,1,0.1389,,0.1389,0,4
mindo180,old,4,720,49,6.8056,,6.8056,0,4
mindo182,old,4,720,56,7.7778,,7.7778,0,4
mindo189,old,3,540,26,4.8148,,4.8148,0,3
mindo190,old,3,540,6,1.1111,,1.1111,0,3
mindo195,old,3,540,13,2.4074,,2.4074,0,3
mindo199,old,3,540,0,0.0,,0.0,0,3
mindo200,old,3,540,4,0.7407,,0.7407,0,3
mindo203,old,3,540,18,3.3333,,3.3333,0,3
mindo205,old,3,540,0,0.0,,0.0,0,3
mindo208,old,3,540,31,5.7407,,5.7407,0,3
mindo209,old,3,540,3,0.5556,,0.5556,0,3
mindo212,old,3,540,71,13.1481,,13.1481,0,3
mindo213,old,3,540,5,0.9259,,0.9259,0,3
mindo216,old,3,540,0,0.0,,0.0,0,3
mindo217,old,3,540,7,1.2963,,1.2963,0,3
mindo218,old,3,540,4,0.7407,,0.7407,0,3
mindo219,old,3,540,6,1.1111,,1.1111,0,3
mindo220,old,3,540,17,3.1481,,3.1481,0,3
mindo225,old,3,540,5,0.9259,,0.9259,0,3
mindo227,old,3,540,9,1.6667,,1.6667,0,3
mindo228,old,3,540,29,5.3704,,5.3704,0,3
mindo230,old,3,540,11,2.037,,2.037,0,3
mindo231,old,3,540,19,3.5185,,3.5185,0,3
mindo232,old,3,540,13,2.4074,,2.4074,0,3
mindo233,old,3,540,23,4.2593,,4.2593,0,3
mindo235,old,3,540,1,0.1852,,0.1852,0,3
mindo238,old,3,540,46,8.5185,,8.5185,0,3
mindo241,old,3,540,87,16.1111,,16.1111,0,3
mindo242,old,3,540,12,2.2222,,2.2222,0,3
mindo245,old,3,540,23,4.2593,,4.2593,0,3
mindo251,old,3,540,29,5.3704,,5.3704,0,3
mindo252,old,3,540,3,0.5556,,0.5556,0,3
mindo253,old,2,360,21,5.8333,,5.8333,0,2
mindo254,old,3,540,21,3.8889,,3.8889,0,3
mindo255,old,3,540,17,3.1481,,3.1481,0,3
mindo256,old,3,540,21,3.8889,,3.8889,0,3
mindo260,old,3,540,73,13.5185,,13.5185,0,3
mindo261,old,3,540,0,0.0,,0.0,0,3
mindo265,old,3,540,88,16.2963,,16.2963,0,3
mindo270,old,3,540,14,2.5926,,2.5926,0,3
mindo271,old,3,540,11,2.037,,2.037,0,3
mindo272,old,3,540,1,0.1852,,0.1852,0,3
mindo273,old,3,540,14,2.5926,,2.5926,0,3
mindo274,old,3,540,8,1.4815,,1.4815,0,3
mindo275,old,3,540,43,7.963,,7.963,0,3
mindo278,old,3,540,66,12.2222,,12.2222,0,3
mindo280,old,3,540,4,0.7407,,0.7407,0,3
mindo281,old,3,540,47,8.7037,,8.7037,0,3
mindo282,old,3,540,46,8.5185,,8.5185,0,3
mindo292,old,3,540,8,1.4815,,1.4815,0,3
mindo295,old,3,540,0,0.0,,0.0,0,3
mindo297,old,3,540,2,0.3704,,0.3704,0,3
mindo299,old,3,540,2,0.3704,,0.3704,0,3
mindo303,old,5,903,135,14.9502,,14.9502,0,5
mindo304,old,3,540,8,1.4815,,1.4815,0,3
mindo306,old,3,540,69,12.7778,,12.7778,0,3
mindo308,old,3,540,38,7.037,,7.037,0,3
mindo311,old,3,540,8,1.4815,,1.4815,0,3
mindo314,old,5,903,83,9.1916,,9.1916,0,5
mindo315,old,5,903,1,0.1107,,0.1107,0,5
mindo317,old,5,903,156,17.2757,,17.2757,0,5
mindo320,old,5,903,1,0.1107,,0.1107,0,5
mindo326,old,4,723,29,4.0111,,4.0111,0,4
mindo328,old,7,1266,4,0.316,,0.316,0,7
mindo330,old,5,903,135,14.9502,,14.9502,0,5
mindo331,old,5,903,58,6.423,,6.423,0,5
mindo332,old,5,903,29,3.2115,,3.2115,0,5
mindo333,old,7,1266,17,1.3428,,1.3428,0,7
mindo334,old,5,903,7,0.7752,,0.7752,0,5
mindo335,old,5,903,67,7.4197,,7.4197,0,5
mindo337,old,7,1266,258,20.3791,,20.3791,0,7
mindo338,old,5,903,197,21.8162,,21.8162,0,5
mindo339,old,5,903,91,10.0775,,10.0775,0,5
mindo340,old,5,903,75,8.3056,,8.3056,0,5
mindo341,old,5,903,173,19.1584,,19.1584,0,5
mindo342,old,5,903,22,2.4363,,2.4363,0,5
mindo343,old,5,903,293,32.4474,,32.4474,0,5
mindo344,old,5,903,22,2.4363,,2.4363,0,5
mindo346,old,5,903,19,2.1041,,2.1041,0,5
mindo347,old,5,903,16,1.7719,,1.7719,0,5
mindo348,old,5,903,44,4.8726,,4.8726,0,5
mindo349,old,5,903,81,8.9701,,8.9701,0,5
mindo350,old,5,903,18,1.9934,,1.9934,0,5
mindo352,old,5,903,50,5.5371,,5.5371,0,5
mindo353,old,5,903,1,0.1107,,0.1107,0,5
mindo354,old,5,903,11,1.2182,,1.2182,0,5
mindo356,old,5,903,4,0.443,,0.443,0,5
mindo357,old,5,903,10,1.1074,,1.1074,0,5
mindo359,old,5,903,45,4.9834,,4.9834,0,5
mindo362,old,5,903,1,0.1107,,0.1107,0,5
mindo364,old,5,903,4,0.443,,0.443,0,5
mindo365,old,5,903,22,2.4363,,2.4363,0,5
mindo369,old,5,903,4,0.443,,0.443,0,5
mindo370,old,5,903,53,5.8693,,5.8693,0,5
mindo374,old,5,903,17,1.8826,,1.8826,0,5
mindo375,old,5,903,24,2.6578,,2.6578,0,5
mindo376,old,5,903,65,7.1982,,7.1982,0,5
mindo379,old,3,540,32,5.9259,,5.9259,0,3
mindo380,old,5,903,1,0.1107,,0.1107,0,5
mindo384,old,5,903,26,2.8793,,2.8793,0,5
mindo386,old,5,903,50,5.5371,,5.5371,0,5
mindo390,old,5,903,92,10.1883,,10.1883,0,5
mindo392,old,5,903,28,3.1008,,3.1008,0,5
mindo393,old,3,540,51,9.4444,,9.4444,0,3
mindo397,old,5,903,94,10.4097,,10.4097,0,5
mindo398,old,5,903,115,12.7353,,12.7353,0,5
mindo400,old,5,903,176,19.4906,,19.4906,0,5
mindo404,old,5,903,1,0.1107,,0.1107,0,5
mindo405,old,5,903,8,0.8859,,0.8859,0,5
mindo412,old,5,903,13,1.4396,,1.4396,0,5
mindo413,old,3,540,18,3.3333,,3.3333,0,3
mindo414,old,3,540,2,0.3704,,0.3704,0,3
mindo415,old,3,540,65,12.037,,12.037,0,3
mindo416,old,3,540,95,17.5926,,17.5926,0,3
mindo418,old,3,540,12,2.2222,,2.2222,0,3
mindo419,old,3,540,19,3.5185,,3.5185,0,3
mindo420,old,3,540,16,2.963,,2.963,0,3
mindo421,old,3,540,3,0.5556,,0.5556,0,3
mindo422,old,3,540,50,9.2593,,9.2593,0,3
mindo423,old,3,540,7,1.2963,,1.2963,0,3
mindo424,old,3,540,3,0.5556,,0.5556,0,3
mindo425,old,3,540,39,7.2222,,7.2222,0,3
mindo432,old,3,540,126,23.3333,,23.3333,0,3
mindo440,old,3,540,27,5.0,,5.0,0,3
mindo442,old,3,540,9,1.6667,,1.6667,0,3
mindo443,old,3,540,17,3.1481,,3.1481,0,3
mindo445,old,3,540,48,8.8889,,8.8889,0,3
mindo446,old,3,540,19,3.5185,,3.5185,0,3
mindo448,old,2,360,82,22.7778,,22.7778,0,2
mindo450,old,3,540,8,1.4815,,1.4815,0,3
mindo451,old,3,540,137,25.3704,,25.3704,0,3
mindo452,old,3,540,19,3.5185,,3.5185,0,3
mindo453,old,3,540,3,0.5556,,0.5556,0,3
mindy101,young,8,1440,4,0.2778,0.5556,0.0,4,4
mindy102,young,8,1440,25,1.7361,0.9722,2.5,4,4
mindy103,young,8,1440,166,11.5278,20.0,3.0556,4,4
mindy104,young,8,1440,61,4.2361,7.7778,0.6944,4,4
mindy106,young,8,1440,6,0.4167,0.8333,0.0,4,4
mindy110,young,8,1440,10,0.6944,1.3889,0.0,4,4
mindy111,young,8,1440,73,5.0694,7.9167,2.2222,4,4
mindy112,young,8,1440,2,0.1389,0.2778,0.0,4,4
mindy113,young,8,1440,17,1.1806,0.5556,1.8056,4,4
mindy117,young,8,1440,39,2.7083,5.4167,0.0,4,4
mindy119,young,8,1440,59,4.0972,4.5833,3.6111,4,4
mindy122,young,4,720,12,1.6667,1.6667,,4,0
mindy125,young,8,1440,14,0.9722,1.3889,0.5556,4,4
mindy126,young,8,1440,67,4.6528,3.0556,6.25,4,4
mindy128,young,8,1440,4,0.2778,0.4167,0.1389,4,4
mindy131,young,8,1440,12,0.8333,0.2778,1.3889,4,4
mindy134,young,8,1440,76,5.2778,4.1667,6.3889,4,4
mindy135,young,8,1440,19,1.3194,0.9722,1.6667,4,4
mindy137,young,8,1440,2,0.1389,0.0,0.2778,4,4
mindy138,young,8,1440,6,0.4167,0.6944,0.1389,4,4
mindy145,young,8,1440,54,3.75,4.7222,2.7778,4,4
mindy147,young,8,1440,114,7.9167,4.3056,11.5278,4,4
mindy167,young,4,720,1,0.1389,,0.1389,0,4
mindy171,young,4,720,26,3.6111,,3.6111,0,4
mindy179,young,4,720,5,0.6944,,0.6944,0,4
mindy181,young,4,720,11,1.5278,,1.5278,0,4
mindy183,young,4,720,25,3.4722,,3.4722,0,4
mindy184,young,4,720,0,0.0,,0.0,0,4
mindy185,young,3,540,0,0.0,,0.0,0,3
mindy187,young,3,540,36,6.6667,,6.6667,0,3
mindy188,young,3,540,78,14.4444,,14.4444,0,3
mindy191,young,3,540,0,0.0,,0.0,0,3
mindy192,young,3,540,46,8.5185,,8.5185,0,3
mindy193,young,3,540,11,2.037,,2.037,0,3
mindy194,young,3,540,0,0.0,,0.0,0,3
mindy196,young,3,540,25,4.6296,,4.6296,0,3
mindy197,young,3,540,9,1.6667,,1.6667,0,3
mindy198,young,3,540,10,1.8519,,1.8519,0,3
mindy202,young,3,540,0,0.0,,0.0,0,3
mindy204,young,3,540,12,2.2222,,2.2222,0,3
mindy206,young,3,540,0,0.0,,0.0,0,3
mindy210,young,3,540,3,0.5556,,0.5556,0,3
mindy211,young,3,540,39,7.2222,,7.2222,0,3
mindy214,young,3,540,1,0.1852,,0.1852,0,3
mindy215,young,3,540,4,0.7407,,0.7407,0,3
mindy221,young,3,540,0,0.0,,0.0,0,3
mindy222,young,3,540,0,0.0,,0.0,0,3
mindy223,young,3,540,2,0.3704,,0.3704,0,3
mindy224,young,3,540,0,0.0,,0.0,0,3
mindy226,young,3,540,5,0.9259,,0.9259,0,3
mindy234,young,3,540,4,0.7407,,0.7407,0,3
mindy236,young,3,540,23,4.2593,,4.2593,0,3
mindy237,young,3,540,1,0.1852,,0.1852,0,3
mindy239,young,3,540,40,7.4074,,7.4074,0,3
mindy240,young,3,540,4,0.7407,,0.7407,0,3
mindy243,young,3,540,5,0.9259,,0.9259,0,3
mindy248,young,3,540,2,0.3704,,0.3704,0,3
mindy249,young,3,540,54,10.0,,10.0,0,3
mindy250,young,3,540,0,0.0,,0.0,0,3
mindy285,young,3,540,9,1.6667,,1.6667,0,3
mindy290,young,3,540,35,6.4815,,6.4815,0,3
