subject,age_group,session,experiment,run,n_frames,n_excluded,pct_excluded,n_excluded_tpef_file
mindb100,b,placebo,auditory,001,180,0,0.0,0
mindb100,b,placebo,motor,001,180,21,11.6667,21
mindb100,b,placebo,visual,001,180,13,7.2222,13
mindb105,b,placebo,auditory,001,180,0,0.0,0
mindb105,b,placebo,motor,001,180,0,0.0,0
mindb105,b,placebo,visual,001,180,0,0.0,0
mindb107,b,placebo,auditory,001,180,1,0.5556,1
mindb107,b,placebo,motor,001,180,2,1.1111,2
mindb107,b,placebo,visual,001,180,7,3.8889,7
mindb109,b,placebo,auditory,001,180,0,0.0,0
mindb109,b,placebo,motor,001,180,5,2.7778,5
mindb109,b,placebo,visual,001,180,2,1.1111,2
mindb116,b,placebo,auditory,001,180,9,5.0,9
mindb116,b,placebo,motor,001,180,22,12.2222,22
mindb116,b,placebo,visual,001,180,17,9.4444,17
mindb118,b,placebo,auditory,001,180,0,0.0,0
mindb118,b,placebo,motor,001,180,21,11.6667,21
mindb118,b,placebo,visual,001,180,13,7.2222,13
mindb123,b,placebo,auditory,001,180,3,1.6667,3
mindb123,b,placebo,motor,001,180,13,7.2222,13
mindb123,b,placebo,visual,001,180,11,6.1111,11
mindb127,b,placebo,auditory,001,180,6,3.3333,6
mindb127,b,placebo,motor,001,180,1,0.5556,1
mindb127,b,placebo,visual,001,180,2,1.1111,2
mindb129,b,placebo,auditory,001,180,0,0.0,0
mindb129,b,placebo,memory,001,183,11,6.0109,
mindb129,b,placebo,memory,002,180,1,0.5556,
mindb129,b,placebo,memory_13,001,183,7,3.8251,
mindb129,b,placebo,memory_13,002,180,0,0.0,
mindb129,b,placebo,motor,001,180,1,0.5556,1
mindb129,b,placebo,visual,001,180,2,1.1111,2
mindb132,b,placebo,auditory,001,180,0,0.0,0
mindb132,b,placebo,memory,001,183,0,0.0,
mindb132,b,placebo,memory,002,180,0,0.0,
mindb132,b,placebo,motor,001,180,0,0.0,0
mindb132,b,placebo,visual,001,180,1,0.5556,1
mindb133,b,placebo,auditory,001,180,2,1.1111,2
mindb133,b,placebo,memory,001,183,14,7.6503,
mindb133,b,placebo,memory,002,180,13,7.2222,
mindb133,b,placebo,motor,001,180,29,16.1111,29
mindb133,b,placebo,visual,001,180,43,23.8889,43
mindb139,b,placebo,auditory,001,180,0,0.0,0
mindb139,b,placebo,motor,001,180,6,3.3333,6
mindb139,b,placebo,visual,001,180,1,0.5556,1
mindb142,b,placebo,auditory,001,180,0,0.0,0
mindb142,b,placebo,motor,001,180,2,1.1111,2
mindb142,b,placebo,visual,001,180,2,1.1111,2
mindb144,b,placebo,auditory,001,180,5,2.7778,5
mindb144,b,placebo,motor,001,180,7,3.8889,7
mindb144,b,placebo,visual,001,180,2,1.1111,2
mindb151,b,placebo,auditory,001,180,0,0.0,0
mindb151,b,placebo,motor,001,180,6,3.3333,6
mindb151,b,placebo,visual,001,180,0,0.0,0
mindb157,b,placebo,auditory,001,180,0,0.0,0
mindb157,b,placebo,motor,001,180,1,0.5556,1
mindb157,b,placebo,visual,001,180,1,0.5556,1
mindb158,b,placebo,auditory,001,180,7,3.8889,7
mindb158,b,placebo,memory,001,180,14,7.7778,
mindb158,b,placebo,memory,002,183,16,8.7432,
mindb158,b,placebo,motor,001,180,14,7.7778,14
mindb158,b,placebo,visual,001,180,8,4.4444,8
mindb160,b,placebo,auditory,001,180,0,0.0,0
mindb160,b,placebo,motor,001,180,1,0.5556,1
mindb160,b,placebo,visual,001,180,0,0.0,0
mindb161,b,placebo,auditory,001,180,0,0.0,0
mindb161,b,placebo,memory,001,183,0,0.0,
mindb161,b,placebo,memory,002,180,0,0.0,
mindb161,b,placebo,motor,001,180,0,0.0,0
mindb161,b,placebo,visual,001,180,3,1.6667,3
mindb162,b,placebo,auditory,001,180,0,0.0,0
mindb162,b,placebo,memory,001,183,4,2.1858,
mindb162,b,placebo,memory,002,180,0,0.0,
mindb162,b,placebo,motor,001,180,0,0.0,0
mindb162,b,placebo,visual,001,180,0,0.0,0
mindb163,b,placebo,auditory,001,180,2,1.1111,2
mindb163,b,placebo,memory,001,183,55,30.0546,
mindb163,b,placebo,memory,002,180,75,41.6667,
mindb163,b,placebo,memory_13,001,183,37,20.2186,
mindb163,b,placebo,memory_13,002,180,60,33.3333,
mindb163,b,placebo,motor,001,180,11,6.1111,11
mindb163,b,placebo,visual,001,180,62,34.4444,62
mindb165,b,placebo,auditory,001,180,1,0.5556,1
mindb165,b,placebo,memory,001,183,4,2.1858,
mindb165,b,placebo,memory,002,180,8,4.4444,
mindb165,b,placebo,memory_13,001,183,3,1.6393,
mindb165,b,placebo,memory_13,002,180,6,3.3333,
mindb165,b,placebo,motor,001,180,0,0.0,0
mindb165,b,placebo,visual,001,180,1,0.5556,1
mindb166,b,placebo,auditory,001,180,0,0.0,0
mindb166,b,placebo,motor,001,180,23,12.7778,23
mindb166,b,placebo,visual,001,180,4,2.2222,4
mindb176,b,placebo,auditory,001,180,0,0.0,0
mindb176,b,placebo,memory,001,183,3,1.6393,
mindb176,b,placebo,memory,002,180,0,0.0,
mindb176,b,placebo,memory_13,001,183,2,1.0929,
mindb176,b,placebo,memory_13,002,180,0,0.0,
mindb176,b,placebo,motor,001,180,2,1.1111,2
mindb176,b,placebo,visual,001,180,0,0.0,0
mindb178,b,placebo,auditory,001,180,1,0.5556,1
mindb178,b,placebo,memory,001,183,0,0.0,
mindb178,b,placebo,memory,002,180,0,0.0,
mindb178,b,placebo,memory_13,001,183,0,0.0,
mindb178,b,placebo,memory_13,002,180,0,0.0,
mindb178,b,placebo,motor,001,180,0,0.0,0
mindb178,b,placebo,visual,001,180,1,0.5556,1
mindb180,b,placebo,auditory,001,180,1,0.5556,1
mindb180,b,placebo,memory,001,183,16,8.7432,
mindb180,b,placebo,memory,002,180,29,16.1111,
mindb180,b,placebo,motor,001,180,2,1.1111,2
mindb180,b,placebo,visual,001,180,9,5.0,9
mindb182,b,placebo,auditory,001,180,6,3.3333,6
mindb182,b,placebo,memory,001,183,16,8.7432,
mindb182,b,placebo,memory,002,180,12,6.6667,
mindb182,b,placebo,motor,001,180,5,2.7778,5
mindb182,b,placebo,visual,001,180,24,13.3333,24
mindb189,b,placebo,auditory,001,180,1,0.5556,1
mindb189,b,placebo,memory,001,183,9,4.918,
mindb189,b,placebo,memory,002,180,13,7.2222,
mindb189,b,placebo,motor,001,180,16,8.8889,16
mindb189,b,placebo,visual,001,180,12,6.6667,12
mindb195,b,placebo,auditory,001,180,1,0.5556,1
mindb195,b,placebo,memory,001,183,0,0.0,
mindb195,b,placebo,memory,002,180,4,2.2222,
mindb195,b,placebo,memory_13,001,183,0,0.0,
mindb195,b,placebo,memory_13,002,180,1,0.5556,
mindb195,b,placebo,motor,001,180,12,6.6667,12
mindb195,b,placebo,visual,001,180,16,8.8889,16
mindb205,b,placebo,auditory,001,180,0,0.0,0
mindb205,b,placebo,memory,001,183,0,0.0,
mindb205,b,placebo,memory,002,180,3,1.6667,
mindb205,b,placebo,memory_13,001,183,0,0.0,
mindb205,b,placebo,memory_13,002,180,2,1.1111,
mindb205,b,placebo,motor,001,180,3,1.6667,3
mindb205,b,placebo,visual,001,180,0,0.0,0
mindb209,b,placebo,auditory,001,180,0,0.0,0
mindb209,b,placebo,memory,001,183,1,0.5464,
mindb209,b,placebo,memory,002,180,1,0.5556,
mindb209,b,placebo,motor,001,180,0,0.0,0
mindb209,b,placebo,visual,001,180,0,0.0,0
mindb212,b,placebo,auditory,001,180,0,0.0,0
mindb212,b,placebo,memory,001,183,11,6.0109,
mindb212,b,placebo,memory,002,180,1,0.5556,
mindb212,b,placebo,motor,001,180,6,3.3333,6
mindb212,b,placebo,visual,001,180,5,2.7778,5
mindb213,b,placebo,auditory,001,180,0,0.0,0
mindb213,b,placebo,memory,001,183,0,0.0,
mindb213,b,placebo,memory,002,180,5,2.7778,
mindb213,b,placebo,motor,001,180,2,1.1111,2
mindb213,b,placebo,visual,001,180,1,0.5556,1
mindb216,b,placebo,auditory,001,180,0,0.0,0
mindb216,b,placebo,memory,001,183,0,0.0,
mindb216,b,placebo,memory,002,180,0,0.0,
mindb216,b,placebo,motor,001,180,3,1.6667,3
mindb216,b,placebo,visual,001,180,0,0.0,0
mindb217,b,placebo,auditory,001,180,0,0.0,0
mindb217,b,placebo,memory,001,183,5,2.7322,
mindb217,b,placebo,memory,002,180,4,2.2222,
mindb217,b,placebo,motor,001,180,1,0.5556,1
mindb217,b,placebo,visual,001,180,2,1.1111,2
mindb220,b,placebo,auditory,001,180,18,10.0,18
mindb220,b,placebo,memory,001,183,10,5.4645,
mindb220,b,placebo,memory,002,180,9,5.0,
mindb220,b,placebo,motor,001,180,23,12.7778,23
mindb220,b,placebo,visual,001,180,21,11.6667,21
mindb227,b,placebo,auditory,001,180,1,0.5556,1
mindb227,b,placebo,memory,001,183,0,0.0,
mindb227,b,placebo,memory,002,180,3,1.6667,
mindb227,b,placebo,motor,001,180,6,3.3333,6
mindb227,b,placebo,visual,001,180,3,1.6667,3
mindb228,b,placebo,auditory,001,180,3,1.6667,3
mindb228,b,placebo,memory,001,183,3,1.6393,
mindb228,b,placebo,memory,002,180,0,0.0,
mindb228,b,placebo,motor,001,180,13,7.2222,13
mindb228,b,placebo,visual,001,180,5,2.7778,5
mindb231,b,placebo,auditory,001,180,11,6.1111,11
mindb231,b,placebo,memory,001,183,14,7.6503,
mindb231,b,placebo,memory,002,180,4,2.2222,
mindb231,b,placebo,motor,001,180,11,6.1111,11
mindb231,b,placebo,visual,001,180,8,4.4444,8
mindb232,b,placebo,auditory,001,180,3,1.6667,3
mindb232,b,placebo,memory,001,183,4,2.1858,
mindb232,b,placebo,memory,002,180,3,1.6667,
mindb232,b,placebo,motor,001,180,17,9.4444,17
mindb232,b,placebo,visual,001,180,8,4.4444,8
mindb233,b,placebo,auditory,001,180,1,0.5556,1
mindb233,b,placebo,motor,001,180,37,20.5556,37
mindb233,b,placebo,visual,001,180,25,13.8889,25
mindb235,b,placebo,auditory,001,180,0,0.0,0
mindb235,b,placebo,memory,001,183,1,0.5464,
mindb235,b,placebo,memory,002,180,1,0.5556,
mindb235,b,placebo,motor,001,180,2,1.1111,2
mindb235,b,placebo,visual,001,180,2,1.1111,2
mindb241,b,placebo,auditory,001,180,7,3.8889,7
mindb241,b,placebo,memory,001,183,16,8.7432,
mindb241,b,placebo,memory,002,180,4,2.2222,
mindb241,b,placebo,motor,001,180,27,15.0,27
mindb241,b,placebo,visual,001,180,23,12.7778,23
mindb251,b,placebo,auditory,001,180,7,3.8889,7
mindb251,b,placebo,memory,001,183,18,9.8361,
mindb251,b,placebo,memory,002,180,54,30.0,
mindb251,b,placebo,motor,001,180,19,10.5556,19
mindb251,b,placebo,visual,001,180,36,20.0,36
mindb252,b,placebo,auditory,001,180,0,0.0,0
mindb252,b,placebo,memory,001,183,0,0.0,
mindb252,b,placebo,memory,002,180,0,0.0,
mindb252,b,placebo,motor,001,180,0,0.0,0
mindb252,b,placebo,visual,001,180,0,0.0,0
mindb255,b,placebo,auditory,001,180,2,1.1111,2
mindb255,b,placebo,memory,001,183,2,1.0929,
mindb255,b,placebo,memory,002,180,1,0.5556,
mindb255,b,placebo,motor,001,180,0,0.0,0
mindb255,b,placebo,visual,001,180,1,0.5556,1
mindb256,b,placebo,auditory,001,180,1,0.5556,1
mindb256,b,placebo,memory,001,183,1,0.5464,
mindb256,b,placebo,memory,002,180,0,0.0,
mindb256,b,placebo,motor,001,180,7,3.8889,7
mindb256,b,placebo,visual,001,180,7,3.8889,7
mindb260,b,placebo,auditory,001,180,17,9.4444,17
mindb260,b,placebo,motor,001,180,37,20.5556,37
mindb260,b,placebo,visual,001,180,13,7.2222,13
mindb261,b,placebo,auditory,001,180,0,0.0,0
mindb261,b,placebo,motor,001,180,5,2.7778,5
mindb261,b,placebo,visual,001,180,9,5.0,9
mindb265,b,placebo,auditory,001,180,31,17.2222,31
mindb265,b,placebo,memory,001,183,14,7.6503,
mindb265,b,placebo,memory,002,180,12,6.6667,
mindb265,b,placebo,motor,001,180,10,5.5556,10
mindb265,b,placebo,visual,001,180,21,11.6667,21
mindb270,b,placebo,auditory,001,180,2,1.1111,2
mindb270,b,placebo,motor,001,180,7,3.8889,7
mindb270,b,placebo,visual,001,180,18,10.0,18
mindb271,b,placebo,auditory,001,180,5,2.7778,5
mindb271,b,placebo,motor,001,180,2,1.1111,2
mindb271,b,placebo,visual,001,180,5,2.7778,5
mindb272,b,placebo,auditory,001,180,0,0.0,0
mindb272,b,placebo,motor,001,180,5,2.7778,5
mindb272,b,placebo,visual,001,180,5,2.7778,5
mindb273,b,placebo,auditory,001,180,0,0.0,0
mindb273,b,placebo,memory,001,183,7,3.8251,
mindb273,b,placebo,memory,002,180,8,4.4444,
mindb273,b,placebo,motor,001,180,15,8.3333,15
mindb273,b,placebo,visual,001,180,14,7.7778,14
mindb274,b,placebo,auditory,001,180,2,1.1111,2
mindb274,b,placebo,memory,001,183,4,2.1858,
mindb274,b,placebo,memory,002,180,5,2.7778,
mindb274,b,placebo,motor,001,180,17,9.4444,17
mindb274,b,placebo,visual,001,180,13,7.2222,13
mindb275,b,placebo,auditory,001,180,3,1.6667,3
mindb275,b,placebo,memory,001,183,1,0.5464,
mindb275,b,placebo,memory,002,180,5,2.7778,
mindb275,b,placebo,motor,001,180,16,8.8889,16
mindb275,b,placebo,visual,001,180,8,4.4444,8
mindb278,b,placebo,auditory,001,180,6,3.3333,6
mindb278,b,placebo,motor,001,180,30,16.6667,30
mindb278,b,placebo,visual,001,180,37,20.5556,37
mindb280,b,placebo,auditory,001,180,3,1.6667,3
mindb280,b,placebo,motor,001,180,2,1.1111,2
mindb280,b,placebo,visual,001,180,2,1.1111,2
mindb292,b,placebo,auditory,001,180,0,0.0,0
mindb292,b,placebo,motor,001,180,5,2.7778,5
mindb292,b,placebo,visual,001,180,2,1.1111,2
mindb295,b,placebo,auditory,001,180,0,0.0,0
mindb295,b,placebo,motor,001,180,10,5.5556,10
mindb295,b,placebo,visual,001,180,3,1.6667,3
mindb299,b,placebo,auditory,001,180,0,0.0,0
mindb299,b,placebo,motor,001,180,10,5.5556,10
mindb299,b,placebo,visual,001,180,3,1.6667,3
mindb303,b,placebo,auditory,001,180,16,8.8889,
mindb304,b,placebo,auditory,001,180,3,1.6667,3
mindb304,b,placebo,motor,001,180,4,2.2222,4
mindb304,b,placebo,visual,001,180,0,0.0,0
mindb308,b,placebo,auditory,001,180,1,0.5556,1
mindb308,b,placebo,motor,001,180,12,6.6667,12
mindb308,b,placebo,visual,001,180,26,14.4444,26
mindb311,b,placebo,auditory,001,180,0,0.0,0
mindb311,b,placebo,motor,001,180,14,7.7778,14
mindb311,b,placebo,visual,001,180,19,10.5556,19
mindb315,b,placebo,auditory,001,180,0,0.0,0
mindb315,b,placebo,motor,001,180,3,1.6667,3
mindb315,b,placebo,visual,001,180,0,0.0,0
mindb331,b,placebo,auditory,001,180,2,1.1111,2
mindb331,b,placebo,motor,001,180,7,3.8889,7
mindb331,b,placebo,visual,001,180,15,8.3333,15
mindb332,b,placebo,auditory,001,180,0,0.0,0
mindb332,b,placebo,motor,001,180,9,5.0,9
mindb332,b,placebo,visual,001,180,10,5.5556,10
mindb333,b,placebo,auditory,001,180,0,0.0,0
mindb333,b,placebo,motor,001,180,2,1.1111,2
mindb333,b,placebo,visual,001,180,0,0.0,0
mindb337,b,placebo,auditory,001,180,14,7.7778,
mindb343,b,placebo,auditory,001,180,27,15.0,
mindb344,b,placebo,auditory,001,180,3,1.6667,
mindb352,b,placebo,auditory,001,180,1,0.5556,
mindc107,c,placebo,auditory,001,180,35,19.4444,35
mindc107,c,placebo,motor,001,180,21,11.6667,21
mindc107,c,placebo,visual,001,180,32,17.7778,32
mindc109,c,placebo,auditory,001,180,1,0.5556,1
mindc109,c,placebo,motor,001,180,6,3.3333,6
mindc109,c,placebo,visual,001,180,5,2.7778,5
mindc116,c,placebo,auditory,001,180,23,12.7778,23
mindc116,c,placebo,motor,001,180,60,33.3333,60
mindc116,c,placebo,visual,001,180,25,13.8889,25
mindc118,c,placebo,auditory,001,180,7,3.8889,7
mindc118,c,placebo,motor,001,180,23,12.7778,23
mindc118,c,placebo,visual,001,180,15,8.3333,15
mindc123,c,placebo,auditory,001,180,7,3.8889,7
mindc123,c,placebo,motor,001,180,21,11.6667,21
mindc123,c,placebo,visual,001,180,16,8.8889,16
mindc127,c,placebo,auditory,001,180,2,1.1111,
mindc133,c,placebo,auditory,001,180,0,0.0,0
mindc133,c,placebo,motor,001,180,23,12.7778,23
mindc133,c,placebo,visual,001,180,55,30.5556,55
mindc139,c,placebo,auditory,001,180,0,0.0,0
mindc139,c,placebo,motor,001,180,3,1.6667,3
mindc139,c,placebo,visual,001,180,1,0.5556,1
mindc142,c,placebo,auditory,001,180,2,1.1111,2
mindc142,c,placebo,motor,001,180,23,12.7778,23
mindc142,c,placebo,visual,001,180,15,8.3333,15
mindc144,c,placebo,auditory,001,180,5,2.7778,5
mindc144,c,placebo,motor,001,180,4,2.2222,4
mindc144,c,placebo,visual,001,180,1,0.5556,1
mindc157,c,placebo,auditory,001,180,0,0.0,
mindc160,c,placebo,auditory,001,180,0,0.0,0
mindc160,c,placebo,motor,001,180,2,1.1111,2
mindc160,c,placebo,visual,001,180,0,0.0,0
mindc161,c,placebo,auditory,001,180,3,1.6667,3
mindc161,c,placebo,motor,001,180,0,0.0,0
mindc161,c,placebo,visual,001,180,9,5.0,9
mindc165,c,placebo,auditory,001,180,6,3.3333,6
mindc165,c,placebo,motor,001,180,14,7.7778,14
mindc165,c,placebo,visual,001,180,20,11.1111,20
mindc176,c,placebo,auditory,001,180,0,0.0,0
mindc176,c,placebo,motor,001,180,4,2.2222,4
mindc176,c,placebo,visual,001,180,5,2.7778,5
mindc180,c,placebo,auditory,001,180,3,1.6667,
mindc195,c,placebo,auditory,001,180,17,9.4444,
mindc205,c,placebo,auditory,001,180,0,0.0,
mindc209,c,placebo,auditory,001,180,1,0.5556,
mindc213,c,placebo,auditory,001,180,0,0.0,0
mindc213,c,placebo,motor,001,180,2,1.1111,2
mindc213,c,placebo,visual,001,180,6,3.3333,6
mindc216,c,placebo,auditory,001,180,0,0.0,
mindm300,m,placebo,auditory,001,180,0,0.0,0
mindm300,m,placebo,motor,001,180,3,1.6667,3
mindm300,m,placebo,visual,001,180,8,4.4444,8
mindm310,m,placebo,auditory,001,180,1,0.5556,1
mindm310,m,placebo,memory,001,183,4,2.1858,
mindm310,m,placebo,memory,002,180,2,1.1111,
mindm310,m,placebo,motor,001,180,5,2.7778,5
mindm310,m,placebo,visual,001,180,3,1.6667,3
mindm324,m,placebo,auditory,001,180,0,0.0,0
mindm324,m,placebo,memory,001,183,0,0.0,
mindm324,m,placebo,memory,002,180,2,1.1111,
mindm324,m,placebo,motor,001,180,1,0.5556,1
mindm324,m,placebo,visual,001,180,3,1.6667,3
mindm355,m,placebo,auditory,001,180,0,0.0,0
mindm355,m,placebo,memory,001,183,2,1.0929,
mindm355,m,placebo,memory,002,180,13,7.2222,
mindm355,m,placebo,motor,001,180,10,5.5556,10
mindm355,m,placebo,visual,001,180,7,3.8889,7
mindm361,m,placebo,auditory,001,180,1,0.5556,1
mindm361,m,placebo,memory,001,183,6,3.2787,
mindm361,m,placebo,memory,002,180,4,2.2222,
mindm361,m,placebo,motor,001,180,1,0.5556,1
mindm361,m,placebo,visual,001,180,1,0.5556,1
mindm363,m,placebo,auditory,001,180,0,0.0,0
mindm363,m,placebo,memory,001,183,0,0.0,
mindm363,m,placebo,memory,002,180,1,0.5556,
mindm363,m,placebo,motor,001,180,0,0.0,0
mindm363,m,placebo,visual,001,180,0,0.0,0
mindm366,m,placebo,auditory,001,180,3,1.6667,3
mindm366,m,placebo,memory,001,183,1,0.5464,
mindm366,m,placebo,memory,002,180,6,3.3333,
mindm366,m,placebo,motor,001,180,7,3.8889,7
mindm366,m,placebo,visual,001,180,2,1.1111,2
mindm367,m,placebo,auditory,001,180,1,0.5556,1
mindm367,m,placebo,memory,001,183,4,2.1858,
mindm367,m,placebo,memory,002,180,10,5.5556,
mindm367,m,placebo,motor,001,180,27,15.0,27
mindm367,m,placebo,visual,001,180,47,26.1111,47
mindm368,m,placebo,auditory,001,180,4,2.2222,4
mindm368,m,placebo,memory,001,183,8,4.3716,
mindm368,m,placebo,memory,002,180,41,22.7778,
mindm368,m,placebo,motor,001,180,2,1.1111,2
mindm368,m,placebo,visual,001,180,4,2.2222,4
mindm372,m,placebo,auditory,001,180,9,5.0,9
mindm372,m,placebo,memory,001,183,31,16.9399,
mindm372,m,placebo,memory,002,180,29,16.1111,
mindm372,m,placebo,motor,001,180,8,4.4444,8
mindm372,m,placebo,visual,001,180,22,12.2222,22
mindm373,m,placebo,auditory,001,180,1,0.5556,1
mindm373,m,placebo,memory,001,183,12,6.5574,
mindm373,m,placebo,memory,002,180,28,15.5556,
mindm373,m,placebo,motor,001,180,0,0.0,0
mindm373,m,placebo,visual,001,180,0,0.0,0
mindm378,m,placebo,auditory,001,180,2,1.1111,2
mindm378,m,placebo,memory,001,183,12,6.5574,
mindm378,m,placebo,memory,002,180,21,11.6667,
mindm378,m,placebo,motor,001,180,30,16.6667,30
mindm378,m,placebo,visual,001,180,9,5.0,9
mindm381,m,placebo,auditory,001,180,3,1.6667,3
mindm381,m,placebo,memory,001,183,1,0.5464,
mindm381,m,placebo,memory,002,180,5,2.7778,
mindm381,m,placebo,motor,001,180,16,8.8889,16
mindm381,m,placebo,visual,001,180,10,5.5556,10
mindm382,m,placebo,auditory,001,180,2,1.1111,2
mindm382,m,placebo,memory,001,183,49,26.776,
mindm382,m,placebo,memory,002,180,17,9.4444,
mindm382,m,placebo,motor,001,180,43,23.8889,43
mindm382,m,placebo,visual,001,180,76,42.2222,76
mindm383,m,placebo,auditory,001,180,17,9.4444,17
mindm383,m,placebo,memory,001,183,30,16.3934,
mindm383,m,placebo,memory,002,180,26,14.4444,
mindm383,m,placebo,motor,001,180,44,24.4444,44
mindm383,m,placebo,visual,001,180,46,25.5556,46
mindm387,m,placebo,auditory,001,180,2,1.1111,2
mindm387,m,placebo,memory,001,183,2,1.0929,
mindm387,m,placebo,memory,002,180,2,1.1111,
mindm387,m,placebo,motor,001,180,5,2.7778,5
mindm387,m,placebo,visual,001,180,2,1.1111,2
mindm388,m,placebo,auditory,001,180,26,14.4444,26
mindm388,m,placebo,memory,001,183,48,26.2295,
mindm388,m,placebo,memory,002,180,40,22.2222,
mindm388,m,placebo,motor,001,180,7,3.8889,7
mindm388,m,placebo,visual,001,180,106,58.8889,106
mindm389,m,placebo,auditory,001,180,2,1.1111,2
mindm389,m,placebo,memory,001,183,12,6.5574,
mindm389,m,placebo,memory,002,180,13,7.2222,
mindm389,m,placebo,motor,001,180,7,3.8889,7
mindm389,m,placebo,visual,001,180,15,8.3333,15
mindm394,m,placebo,auditory,001,180,15,8.3333,15
mindm394,m,placebo,motor,001,180,25,13.8889,25
mindm394,m,placebo,visual,001,180,25,13.8889,25
mindm395,m,placebo,auditory,001,180,2,1.1111,2
mindm395,m,placebo,memory,001,183,3,1.6393,
mindm395,m,placebo,memory,002,180,2,1.1111,
mindm395,m,placebo,motor,001,180,1,0.5556,1
mindm395,m,placebo,visual,001,180,9,5.0,9
mindm396,m,placebo,auditory,001,180,5,2.7778,5
mindm396,m,placebo,memory,001,183,5,2.7322,
mindm396,m,placebo,memory,002,180,4,2.2222,
mindm396,m,placebo,motor,001,180,12,6.6667,12
mindm396,m,placebo,visual,001,180,24,13.3333,24
mindm401,m,placebo,auditory,001,180,3,1.6667,3
mindm401,m,placebo,memory,001,183,5,2.7322,
mindm401,m,placebo,memory,002,180,4,2.2222,
mindm401,m,placebo,motor,001,180,33,18.3333,33
mindm401,m,placebo,visual,001,180,48,26.6667,48
mindm402,m,placebo,auditory,001,180,11,6.1111,11
mindm402,m,placebo,memory,001,183,44,24.0437,
mindm402,m,placebo,memory,002,180,104,57.7778,
mindm402,m,placebo,motor,001,180,123,68.3333,123
mindm402,m,placebo,visual,001,180,150,83.3333,150
mindm403,m,placebo,auditory,001,180,1,0.5556,1
mindm403,m,placebo,memory,001,183,20,10.929,
mindm403,m,placebo,memory,002,180,15,8.3333,
mindm403,m,placebo,motor,001,180,17,9.4444,17
mindm403,m,placebo,visual,001,180,5,2.7778,5
mindm406,m,placebo,auditory,001,180,1,0.5556,1
mindm406,m,placebo,memory,001,183,0,0.0,
mindm406,m,placebo,memory,002,180,3,1.6667,
mindm406,m,placebo,motor,001,180,2,1.1111,2
mindm406,m,placebo,visual,001,180,0,0.0,0
mindm407,m,placebo,auditory,001,180,0,0.0,0
mindm407,m,placebo,memory,001,183,10,5.4645,
mindm407,m,placebo,memory,002,180,9,5.0,
mindm407,m,placebo,motor,001,180,1,0.5556,1
mindm407,m,placebo,visual,001,180,6,3.3333,6
mindm409,m,placebo,auditory,001,180,0,0.0,0
mindm409,m,placebo,memory,001,183,5,2.7322,
mindm409,m,placebo,memory,002,180,12,6.6667,
mindm409,m,placebo,motor,001,180,3,1.6667,3
mindm409,m,placebo,visual,001,180,11,6.1111,11
mindm410,m,placebo,auditory,001,180,0,0.0,0
mindm410,m,placebo,memory,001,183,2,1.0929,
mindm410,m,placebo,memory,002,180,3,1.6667,
mindm410,m,placebo,motor,001,180,10,5.5556,10
mindm410,m,placebo,visual,001,180,4,2.2222,4
mindm417,m,placebo,auditory,001,180,17,9.4444,17
mindm417,m,placebo,motor,001,180,24,13.3333,24
mindm417,m,placebo,visual,001,180,1,0.5556,1
mindm426,m,placebo,auditory,001,180,13,7.2222,13
mindm426,m,placebo,motor,001,180,28,15.5556,28
mindm426,m,placebo,visual,001,180,25,13.8889,25
mindm427,m,placebo,auditory,001,180,53,29.4444,53
mindm427,m,placebo,motor,001,180,43,23.8889,43
mindm427,m,placebo,visual,001,180,44,24.4444,44
mindm428,m,placebo,auditory,001,180,0,0.0,0
mindm428,m,placebo,motor,001,180,23,12.7778,23
mindm428,m,placebo,visual,001,180,13,7.2222,13
mindm429,m,placebo,auditory,001,180,1,0.5556,1
mindm429,m,placebo,motor,001,180,2,1.1111,2
mindm429,m,placebo,visual,001,180,3,1.6667,3
mindm430,m,placebo,auditory,001,180,11,6.1111,11
mindm430,m,placebo,motor,001,180,13,7.2222,13
mindm430,m,placebo,visual,001,180,13,7.2222,13
mindm431,m,placebo,auditory,001,180,1,0.5556,1
mindm431,m,placebo,motor,001,180,2,1.1111,2
mindm431,m,placebo,visual,001,180,4,2.2222,4
mindm433,m,placebo,auditory,001,180,0,0.0,0
mindm433,m,placebo,motor,001,180,24,13.3333,24
mindm433,m,placebo,visual,001,180,7,3.8889,7
mindm434,m,placebo,auditory,001,180,19,10.5556,19
mindm434,m,placebo,motor,001,180,3,1.6667,3
mindm434,m,placebo,visual,001,180,46,25.5556,46
mindm435,m,placebo,auditory,001,180,1,0.5556,1
mindm435,m,placebo,motor,001,180,6,3.3333,6
mindm435,m,placebo,visual,001,180,2,1.1111,2
mindm436,m,placebo,auditory,001,180,6,3.3333,6
mindm436,m,placebo,motor,001,180,28,15.5556,28
mindm436,m,placebo,visual,001,180,24,13.3333,24
mindm437,m,placebo,auditory,001,180,1,0.5556,1
mindm437,m,placebo,motor,001,180,2,1.1111,2
mindm437,m,placebo,visual,001,180,2,1.1111,2
mindm438,m,placebo,auditory,001,180,13,7.2222,13
mindm438,m,placebo,motor,001,180,2,1.1111,2
mindm438,m,placebo,visual,001,180,16,8.8889,16
mindm439,m,placebo,auditory,001,180,0,0.0,0
mindm439,m,placebo,motor,001,180,0,0.0,0
mindm439,m,placebo,visual,001,180,0,0.0,0
mindm444,m,placebo,auditory,001,180,0,0.0,0
mindm444,m,placebo,motor,001,180,4,2.2222,4
mindm444,m,placebo,visual,001,180,1,0.5556,1
mindm447,m,placebo,auditory,001,180,0,0.0,0
mindm447,m,placebo,motor,001,180,0,0.0,0
mindm447,m,placebo,visual,001,180,0,0.0,0
mindo100,old,drug,auditory,001,180,0,0.0,0
mindo100,old,drug,motor,001,180,5,2.7778,5
mindo100,old,drug,tactile,001,180,0,0.0,
mindo100,old,drug,visual,001,180,0,0.0,0
mindo100,old,placebo,auditory,001,180,0,0.0,0
mindo100,old,placebo,motor,001,180,0,0.0,0
mindo100,old,placebo,tactile,001,180,0,0.0,
mindo100,old,placebo,visual,001,180,0,0.0,0
mindo105,old,drug,auditory,001,180,0,0.0,0
mindo105,old,drug,motor,001,180,7,3.8889,7
mindo105,old,drug,tactile,001,180,1,0.5556,
mindo105,old,drug,visual,001,180,10,5.5556,10
mindo105,old,placebo,auditory,001,180,0,0.0,0
mindo105,old,placebo,motor,001,180,4,2.2222,4
mindo105,old,placebo,tactile,001,180,4,2.2222,
mindo105,old,placebo,visual,001,180,0,0.0,0
mindo107,old,drug,auditory,001,180,6,3.3333,6
mindo107,old,drug,motor,001,180,17,9.4444,17
mindo107,old,drug,tactile,001,180,9,5.0,
mindo107,old,drug,visual,001,180,1,0.5556,1
mindo107,old,placebo,motor,001,180,4,2.2222,4
mindo107,old,placebo,tactile,001,180,7,3.8889,
mindo107,old,placebo,visual,001,180,2,1.1111,2
mindo108,old,drug,auditory,001,180,9,5.0,9
mindo108,old,drug,motor,001,180,26,14.4444,26
mindo108,old,drug,tactile,001,180,12,6.6667,
mindo108,old,drug,visual,001,180,42,23.3333,42
mindo108,old,placebo,auditory,001,180,30,16.6667,30
mindo108,old,placebo,motor,001,180,17,9.4444,17
mindo108,old,placebo,tactile,001,180,53,29.4444,
mindo108,old,placebo,visual,001,180,16,8.8889,16
mindo109,old,drug,auditory,001,180,9,5.0,9
mindo109,old,drug,motor,001,180,24,13.3333,24
mindo109,old,drug,tactile,001,180,5,2.7778,
mindo109,old,drug,visual,001,180,22,12.2222,22
mindo109,old,placebo,auditory,001,180,8,4.4444,8
mindo109,old,placebo,motor,001,180,4,2.2222,4
mindo109,old,placebo,tactile,001,180,4,2.2222,
mindo109,old,placebo,visual,001,180,6,3.3333,6
mindo114,old,drug,auditory,001,180,0,0.0,0
mindo114,old,drug,motor,001,180,21,11.6667,21
mindo114,old,drug,tactile,001,180,9,5.0,
mindo114,old,drug,visual,001,180,20,11.1111,20
mindo114,old,placebo,auditory,001,180,1,0.5556,1
mindo114,old,placebo,motor,001,180,1,0.5556,1
mindo114,old,placebo,tactile,001,180,12,6.6667,
mindo114,old,placebo,visual,001,180,10,5.5556,10
mindo115,old,drug,auditory,001,180,23,12.7778,23
mindo115,old,drug,motor,001,180,17,9.4444,17
mindo115,old,drug,visual,001,180,17,9.4444,17
mindo116,old,drug,auditory,001,180,4,2.2222,4
mindo116,old,drug,motor,001,180,23,12.7778,23
mindo116,old,drug,tactile,001,180,19,10.5556,
mindo116,old,drug,visual,001,180,29,16.1111,29
mindo116,old,placebo,auditory,001,180,4,2.2222,4
mindo116,old,placebo,motor,001,180,6,3.3333,6
mindo116,old,placebo,tactile,001,180,15,8.3333,
mindo116,old,placebo,visual,001,180,16,8.8889,16
mindo118,old,drug,auditory,001,180,9,5.0,9
mindo118,old,drug,motor,001,180,50,27.7778,50
mindo118,old,drug,tactile,001,180,2,1.1111,
mindo118,old,drug,visual,001,180,12,6.6667,12
mindo118,old,placebo,auditory,001,180,18,10.0,18
mindo118,old,placebo,motor,001,180,18,10.0,18
mindo118,old,placebo,tactile,001,180,14,7.7778,
mindo118,old,placebo,visual,001,180,23,12.7778,23
mindo120,old,drug,auditory,001,180,4,2.2222,4
mindo120,old,drug,motor,001,180,3,1.6667,3
mindo120,old,drug,tactile,001,180,4,2.2222,
mindo120,old,drug,visual,001,180,0,0.0,0
mindo120,old,placebo,auditory,001,180,0,0.0,0
mindo120,old,placebo,motor,001,180,7,3.8889,7
mindo120,old,placebo,tactile,001,180,5,2.7778,
mindo120,old,placebo,visual,001,180,0,0.0,0
mindo123,old,drug,auditory,001,180,2,1.1111,2
mindo123,old,drug,motor,001,180,16,8.8889,16
mindo123,old,drug,tactile,001,180,58,32.2222,
mindo123,old,drug,visual,001,180,29,16.1111,29
mindo123,old,placebo,auditory,001,180,2,1.1111,2
mindo123,old,placebo,motor,001,180,21,11.6667,21
mindo123,old,placebo,tactile,001,180,14,7.7778,
mindo123,old,placebo,visual,001,180,1,0.5556,1
mindo124,old,drug,auditory,001,180,2,1.1111,2
mindo124,old,drug,motor,001,180,2,1.1111,2
mindo124,old,drug,tactile,001,180,8,4.4444,
mindo124,old,drug,visual,001,180,3,1.6667,3
mindo124,old,placebo,auditory,001,180,0,0.0,0
mindo124,old,placebo,motor,001,180,1,0.5556,1
mindo124,old,placebo,tactile,001,180,3,1.6667,
mindo124,old,placebo,visual,001,180,7,3.8889,7
mindo127,old,drug,auditory,001,180,8,4.4444,8
mindo127,old,drug,motor,001,180,17,9.4444,17
mindo127,old,drug,tactile,001,180,24,13.3333,
mindo127,old,drug,visual,001,180,7,3.8889,7
mindo127,old,placebo,auditory,001,180,21,11.6667,21
mindo127,old,placebo,motor,001,180,7,3.8889,7
mindo127,old,placebo,tactile,001,180,21,11.6667,
mindo127,old,placebo,visual,001,180,2,1.1111,2
mindo129,old,drug,auditory,001,180,2,1.1111,2
mindo129,old,drug,motor,001,180,0,0.0,0
mindo129,old,drug,tactile,001,180,7,3.8889,
mindo129,old,drug,visual,001,180,2,1.1111,2
mindo129,old,placebo,auditory,001,180,0,0.0,0
mindo129,old,placebo,motor,001,180,1,0.5556,1
mindo129,old,placebo,tactile,001,180,1,0.5556,
mindo129,old,placebo,visual,001,180,0,0.0,0
mindo132,old,drug,auditory,001,180,2,1.1111,2
mindo132,old,drug,motor,001,180,0,0.0,0
mindo132,old,drug,tactile,001,180,0,0.0,
mindo132,old,drug,visual,001,180,0,0.0,0
mindo132,old,placebo,auditory,001,180,0,0.0,0
mindo132,old,placebo,motor,001,180,7,3.8889,7
mindo132,old,placebo,tactile,001,180,0,0.0,
mindo132,old,placebo,visual,001,180,0,0.0,0
mindo133,old,drug,auditory,001,180,4,2.2222,4
mindo133,old,drug,motor,001,180,16,8.8889,16
mindo133,old,drug,tactile,001,180,18,10.0,
mindo133,old,drug,visual,001,180,30,16.6667,30
mindo133,old,placebo,auditory,001,180,1,0.5556,1
mindo133,old,placebo,motor,001,180,26,14.4444,26
mindo133,old,placebo,tactile,001,180,36,20.0,
mindo133,old,placebo,visual,001,180,99,55.0,99
mindo139,old,drug,auditory,001,180,0,0.0,0
mindo139,old,drug,motor,001,180,4,2.2222,4
mindo139,old,drug,tactile,001,180,2,1.1111,
mindo139,old,drug,visual,001,180,0,0.0,0
mindo139,old,placebo,auditory,001,180,2,1.1111,2
mindo139,old,placebo,motor,001,180,1,0.5556,1
mindo139,old,placebo,tactile,001,180,0,0.0,
mindo139,old,placebo,visual,001,180,0,0.0,0
mindo140,old,drug,auditory,001,180,3,1.6667,3
mindo140,old,drug,motor,001,180,0,0.0,0
mindo140,old,drug,visual,001,180,17,9.4444,17
mindo140,old,placebo,auditory,001,180,0,0.0,0
mindo140,old,placebo,motor,001,180,4,2.2222,4
mindo140,old,placebo,visual,001,180,2,1.1111,2
mindo141,old,drug,auditory,001,180,0,0.0,0
mindo141,old,drug,motor,001,180,0,0.0,0
mindo141,old,drug,tactile,001,180,4,2.2222,
mindo141,old,drug,visual,001,180,2,1.1111,2
mindo141,old,placebo,auditory,001,180,2,1.1111,2
mindo141,old,placebo,motor,001,180,0,0.0,0
mindo141,old,placebo,tactile,001,180,4,2.2222,
mindo141,old,placebo,visual,001,180,2,1.1111,2
mindo142,old,drug,auditory,001,180,6,3.3333,6
mindo142,old,drug,motor,001,180,11,6.1111,11
mindo142,old,drug,tactile,001,180,13,7.2222,
mindo142,old,drug,visual,001,180,7,3.8889,7
mindo142,old,placebo,auditory,001,180,1,0.5556,1
mindo142,old,placebo,motor,001,180,0,0.0,0
mindo142,old,placebo,tactile,001,180,1,0.5556,
mindo142,old,placebo,visual,001,180,8,4.4444,8
mindo143,old,drug,motor,001,180,2,1.1111,2
mindo143,old,drug,visual,001,180,1,0.5556,1
mindo143,old,placebo,auditory,001,180,0,0.0,0
mindo143,old,placebo,motor,001,180,1,0.5556,1
mindo143,old,placebo,visual,001,180,2,1.1111,2
mindo144,old,drug,auditory,001,180,0,0.0,0
mindo144,old,drug,motor,001,180,1,0.5556,1
mindo144,old,drug,tactile,001,180,0,0.0,
mindo144,old,drug,visual,001,180,1,0.5556,1
mindo144,old,placebo,auditory,001,180,0,0.0,0
mindo144,old,placebo,motor,001,180,0,0.0,0
mindo144,old,placebo,tactile,001,180,0,0.0,
mindo144,old,placebo,visual,001,180,0,0.0,0
mindo149,old,placebo,auditory,001,180,1,0.5556,1
mindo149,old,placebo,motor,001,180,3,1.6667,3
mindo149,old,placebo,tactile,001,180,3,1.6667,
mindo149,old,placebo,visual,001,180,8,4.4444,8
mindo150,old,drug,auditory,001,180,1,0.5556,1
mindo150,old,drug,motor,001,180,4,2.2222,4
mindo150,old,drug,visual,001,180,1,0.5556,1
mindo150,old,placebo,auditory,001,180,0,0.0,0
mindo150,old,placebo,motor,001,180,4,2.2222,4
mindo150,old,placebo,visual,001,180,1,0.5556,1
mindo151,old,drug,auditory,001,180,0,0.0,0
mindo151,old,drug,motor,001,180,3,1.6667,3
mindo151,old,drug,tactile,001,180,3,1.6667,
mindo151,old,drug,visual,001,180,3,1.6667,3
mindo151,old,placebo,auditory,001,180,0,0.0,0
mindo151,old,placebo,motor,001,180,4,2.2222,4
mindo151,old,placebo,tactile,001,180,0,0.0,
mindo151,old,placebo,visual,001,180,7,3.8889,7
mindo152,old,drug,auditory,001,180,9,5.0,9
mindo152,old,drug,motor,001,180,19,10.5556,19
mindo152,old,drug,tactile,001,180,2,1.1111,
mindo152,old,drug,visual,001,180,10,5.5556,10
mindo152,old,placebo,auditory,001,180,13,7.2222,13
mindo152,old,placebo,motor,001,180,31,17.2222,31
mindo152,old,placebo,tactile,001,180,26,14.4444,
mindo152,old,placebo,visual,001,180,25,13.8889,25
mindo153,old,drug,auditory,001,180,22,12.2222,22
mindo153,old,drug,motor,001,180,10,5.5556,10
mindo153,old,drug,tactile,001,180,15,8.3333,
mindo153,old,drug,visual,001,180,14,7.7778,14
mindo153,old,placebo,auditory,001,180,1,0.5556,1
mindo153,old,placebo,motor,001,180,3,1.6667,3
mindo153,old,placebo,tactile,001,180,2,1.1111,
mindo153,old,placebo,visual,001,180,2,1.1111,2
mindo154,old,drug,auditory,001,180,1,0.5556,1
mindo154,old,drug,motor,001,180,2,1.1111,2
mindo154,old,drug,tactile,001,180,2,1.1111,
mindo154,old,drug,visual,001,180,5,2.7778,5
mindo154,old,placebo,auditory,001,180,0,0.0,0
mindo154,old,placebo,motor,001,180,2,1.1111,2
mindo154,old,placebo,tactile,001,180,0,0.0,
mindo154,old,placebo,visual,001,180,1,0.5556,1
mindo155,old,placebo,auditory,001,180,0,0.0,0
mindo155,old,placebo,motor,001,180,0,0.0,0
mindo155,old,placebo,tactile,001,180,0,0.0,
mindo155,old,placebo,visual,001,180,0,0.0,0
mindo156,old,placebo,auditory,001,180,0,0.0,0
mindo156,old,placebo,motor,001,180,2,1.1111,2
mindo156,old,placebo,tactile,001,180,2,1.1111,
mindo156,old,placebo,visual,001,180,0,0.0,0
mindo157,old,placebo,auditory,001,180,1,0.5556,1
mindo157,old,placebo,motor,001,180,2,1.1111,2
mindo157,old,placebo,tactile,001,180,2,1.1111,
mindo157,old,placebo,visual,001,180,13,7.2222,13
mindo158,old,placebo,auditory,001,180,0,0.0,0
mindo158,old,placebo,motor,001,180,12,6.6667,12
mindo158,old,placebo,tactile,001,180,1,0.5556,
mindo158,old,placebo,visual,001,180,4,2.2222,4
mindo159,old,placebo,auditory,001,180,16,8.8889,16
mindo159,old,placebo,motor,001,180,2,1.1111,2
mindo159,old,placebo,tactile,001,180,14,7.7778,
mindo159,old,placebo,visual,001,180,2,1.1111,2
mindo160,old,placebo,auditory,001,180,0,0.0,0
mindo160,old,placebo,motor,001,180,0,0.0,0
mindo160,old,placebo,tactile,001,180,0,0.0,
mindo160,old,placebo,visual,001,180,0,0.0,0
mindo161,old,placebo,auditory,001,180,0,0.0,0
mindo161,old,placebo,motor,001,180,1,0.5556,1
mindo161,old,placebo,tactile,001,180,0,0.0,
mindo161,old,placebo,visual,001,180,0,0.0,0
mindo162,old,placebo,auditory,001,180,0,0.0,0
mindo162,old,placebo,motor,001,180,1,0.5556,1
mindo162,old,placebo,tactile,001,180,3,1.6667,
mindo162,old,placebo,visual,001,180,0,0.0,0
mindo163,old,placebo,auditory,001,180,0,0.0,0
mindo163,old,placebo,motor,001,180,1,0.5556,1
mindo163,old,placebo,tactile,001,180,10,5.5556,
mindo163,old,placebo,visual,001,180,7,3.8889,7
mindo164,old,placebo,auditory,001,180,0,0.0,0
mindo164,old,placebo,motor,001,180,1,0.5556,1
mindo164,old,placebo,tactile,001,180,0,0.0,
mindo164,old,placebo,visual,001,180,1,0.5556,1
mindo165,old,placebo,auditory,001,180,0,0.0,0
mindo165,old,placebo,motor,001,180,0,0.0,0
mindo165,old,placebo,visual,001,180,0,0.0,0
mindo166,old,placebo,auditory,001,180,0,0.0,0
mindo166,old,placebo,motor,001,180,2,1.1111,2
mindo166,old,placebo,tactile,001,180,18,10.0,
mindo166,old,placebo,visual,001,180,0,0.0,0
mindo168,old,placebo,auditory,001,180,1,0.5556,1
mindo168,old,placebo,motor,001,180,7,3.8889,7
mindo168,old,placebo,tactile,001,180,7,3.8889,
mindo168,old,placebo,visual,001,180,1,0.5556,1
mindo169,old,placebo,auditory,001,180,0,0.0,0
mindo169,old,placebo,motor,001,180,0,0.0,0
mindo169,old,placebo,tactile,001,180,0,0.0,
mindo169,old,placebo,visual,001,180,0,0.0,0
mindo170,old,placebo,auditory,001,180,0,0.0,0
mindo170,old,placebo,motor,001,180,0,0.0,0
mindo170,old,placebo,tactile,001,180,0,0.0,
mindo170,old,placebo,visual,001,180,0,0.0,0
mindo172,old,placebo,auditory,001,180,2,1.1111,2
mindo172,old,placebo,motor,001,180,6,3.3333,6
mindo172,old,placebo,tactile,001,180,4,2.2222,
mindo172,old,placebo,visual,001,180,18,10.0,18
mindo176,old,placebo,auditory,001,180,0,0.0,0
mindo176,old,placebo,motor,001,180,0,0.0,0
mindo176,old,placebo,tactile,001,180,0,0.0,
mindo176,old,placebo,visual,001,180,0,0.0,0
mindo178,old,placebo,auditory,001,180,0,0.0,0
mindo178,old,placebo,motor,001,180,0,0.0,0
mindo178,old,placebo,tactile,001,180,0,0.0,
mindo178,old,placebo,visual,001,180,0,0.0,0
mindo180,old,placebo,auditory,001,180,0,0.0,0
mindo180,old,placebo,motor,001,180,6,3.3333,6
mindo180,old,placebo,tactile,001,180,19,10.5556,
mindo180,old,placebo,visual,001,180,8,4.4444,8
mindo182,old,placebo,auditory,001,180,0,0.0,0
mindo182,old,placebo,motor,001,180,0,0.0,0
mindo182,old,placebo,tactile,001,180,30,16.6667,
mindo182,old,placebo,visual,001,180,13,7.2222,13
mindo189,old,placebo,auditory,001,180,2,1.1111,2
mindo189,old,placebo,motor,001,180,7,3.8889,7
mindo189,old,placebo,visual,001,180,9,5.0,9
mindo190,old,placebo,auditory,001,180,0,0.0,0
mindo190,old,placebo,motor,001,180,1,0.5556,1
mindo190,old,placebo,visual,001,180,2,1.1111,2
mindo195,old,placebo,auditory,001,180,2,1.1111,2
mindo195,old,placebo,motor,001,180,5,2.7778,5
mindo195,old,placebo,visual,001,180,3,1.6667,3
mindo199,old,placebo,auditory,001,180,0,0.0,0
mindo199,old,placebo,motor,001,180,0,0.0,0
mindo199,old,placebo,visual,001,180,0,0.0,0
mindo200,old,placebo,auditory,001,180,0,0.0,0
mindo200,old,placebo,motor,001,180,2,1.1111,2
mindo200,old,placebo,visual,001,180,2,1.1111,2
mindo203,old,placebo,auditory,001,180,2,1.1111,2
mindo203,old,placebo,motor,001,180,6,3.3333,6
mindo203,old,placebo,visual,001,180,0,0.0,0
mindo205,old,placebo,auditory,001,180,0,0.0,0
mindo205,old,placebo,motor,001,180,0,0.0,0
mindo205,old,placebo,visual,001,180,0,0.0,0
mindo208,old,placebo,auditory,001,180,0,0.0,0
mindo208,old,placebo,motor,001,180,17,9.4444,17
mindo208,old,placebo,visual,001,180,0,0.0,0
mindo209,old,placebo,auditory,001,180,0,0.0,0
mindo209,old,placebo,motor,001,180,1,0.5556,1
mindo209,old,placebo,visual,001,180,0,0.0,0
mindo212,old,placebo,auditory,001,180,6,3.3333,6
mindo212,old,placebo,motor,001,180,0,0.0,0
mindo212,old,placebo,visual,001,180,45,25.0,45
mindo213,old,placebo,auditory,001,180,0,0.0,0
mindo213,old,placebo,motor,001,180,2,1.1111,2
mindo213,old,placebo,visual,001,180,1,0.5556,1
mindo216,old,placebo,auditory,001,180,0,0.0,0
mindo216,old,placebo,motor,001,180,0,0.0,0
mindo216,old,placebo,visual,001,180,0,0.0,0
mindo217,old,placebo,auditory,001,180,0,0.0,0
mindo217,old,placebo,motor,001,180,5,2.7778,5
mindo217,old,placebo,visual,001,180,0,0.0,0
mindo218,old,placebo,auditory,001,180,0,0.0,0
mindo218,old,placebo,motor,001,180,1,0.5556,1
mindo218,old,placebo,visual,001,180,2,1.1111,2
mindo219,old,placebo,auditory,001,180,0,0.0,0
mindo219,old,placebo,motor,001,180,1,0.5556,1
mindo219,old,placebo,visual,001,180,1,0.5556,1
mindo220,old,placebo,auditory,001,180,3,1.6667,3
mindo220,old,placebo,motor,001,180,4,2.2222,4
mindo220,old,placebo,visual,001,180,3,1.6667,3
mindo225,old,placebo,auditory,001,180,0,0.0,0
mindo225,old,placebo,motor,001,180,2,1.1111,2
mindo225,old,placebo,visual,001,180,0,0.0,0
mindo227,old,placebo,auditory,001,180,4,2.2222,4
mindo227,old,placebo,motor,001,180,1,0.5556,1
mindo227,old,placebo,visual,001,180,0,0.0,0
mindo228,old,placebo,auditory,001,180,4,2.2222,4
mindo228,old,placebo,motor,001,180,8,4.4444,8
mindo228,old,placebo,visual,001,180,10,5.5556,10
mindo230,old,placebo,auditory,001,180,0,0.0,0
mindo230,old,placebo,motor,001,180,5,2.7778,5
mindo230,old,placebo,visual,001,180,1,0.5556,1
mindo231,old,placebo,auditory,001,180,3,1.6667,3
mindo231,old,placebo,motor,001,180,4,2.2222,4
mindo231,old,placebo,visual,001,180,5,2.7778,5
mindo232,old,placebo,auditory,001,180,0,0.0,0
mindo232,old,placebo,motor,001,180,3,1.6667,3
mindo232,old,placebo,visual,001,180,6,3.3333,6
mindo233,old,placebo,auditory,001,180,5,2.7778,5
mindo233,old,placebo,motor,001,180,7,3.8889,7
mindo233,old,placebo,visual,001,180,2,1.1111,2
mindo235,old,placebo,auditory,001,180,0,0.0,0
mindo235,old,placebo,motor,001,180,1,0.5556,1
mindo235,old,placebo,visual,001,180,0,0.0,0
mindo238,old,placebo,auditory,001,180,14,7.7778,14
mindo238,old,placebo,motor,001,180,13,7.2222,13
mindo238,old,placebo,visual,001,180,6,3.3333,6
mindo241,old,placebo,auditory,001,180,3,1.6667,3
mindo241,old,placebo,motor,001,180,49,27.2222,49
mindo241,old,placebo,visual,001,180,13,7.2222,13
mindo242,old,placebo,auditory,001,180,2,1.1111,2
mindo242,old,placebo,motor,001,180,5,2.7778,5
mindo242,old,placebo,visual,001,180,3,1.6667,3
mindo245,old,placebo,auditory,001,180,7,3.8889,7
mindo245,old,placebo,motor,001,180,1,0.5556,1
mindo245,old,placebo,visual,001,180,4,2.2222,4
mindo251,old,placebo,auditory,001,180,2,1.1111,2
mindo251,old,placebo,motor,001,180,2,1.1111,2
mindo251,old,placebo,visual,001,180,9,5.0,9
mindo252,old,placebo,auditory,001,180,2,1.1111,2
mindo252,old,placebo,motor,001,180,0,0.0,0
mindo252,old,placebo,visual,001,180,0,0.0,0
mindo253,old,placebo,motor,001,180,9,5.0,9
mindo253,old,placebo,visual,001,180,1,0.5556,1
mindo254,old,placebo,auditory,001,180,1,0.5556,1
mindo254,old,placebo,motor,001,180,10,5.5556,10
mindo254,old,placebo,visual,001,180,0,0.0,0
mindo255,old,placebo,auditory,001,180,4,2.2222,4
mindo255,old,placebo,motor,001,180,3,1.6667,3
mindo255,old,placebo,visual,001,180,3,1.6667,3
mindo256,old,placebo,auditory,001,180,2,1.1111,2
mindo256,old,placebo,motor,001,180,5,2.7778,5
mindo256,old,placebo,visual,001,180,4,2.2222,4
mindo260,old,placebo,auditory,001,180,10,5.5556,10
mindo260,old,placebo,motor,001,180,25,13.8889,25
mindo260,old,placebo,visual,001,180,4,2.2222,4
mindo261,old,placebo,auditory,001,180,0,0.0,0
mindo261,old,placebo,motor,001,180,0,0.0,0
mindo261,old,placebo,visual,001,180,0,0.0,0
mindo265,old,placebo,auditory,001,180,3,1.6667,3
mindo265,old,placebo,motor,001,180,35,19.4444,35
mindo265,old,placebo,visual,001,180,19,10.5556,19
mindo270,old,placebo,auditory,001,180,2,1.1111,2
mindo270,old,placebo,motor,001,180,6,3.3333,6
mindo270,old,placebo,visual,001,180,0,0.0,0
mindo271,old,placebo,auditory,001,180,3,1.6667,3
mindo271,old,placebo,motor,001,180,0,0.0,0
mindo271,old,placebo,visual,001,180,1,0.5556,1
mindo272,old,placebo,auditory,001,180,0,0.0,0
mindo272,old,placebo,motor,001,180,0,0.0,0
mindo272,old,placebo,visual,001,180,0,0.0,0
mindo273,old,placebo,auditory,001,180,0,0.0,0
mindo273,old,placebo,motor,001,180,7,3.8889,7
mindo273,old,placebo,visual,001,180,1,0.5556,1
mindo274,old,placebo,auditory,001,180,0,0.0,0
mindo274,old,placebo,motor,001,180,2,1.1111,2
mindo274,old,placebo,visual,001,180,4,2.2222,4
mindo275,old,placebo,auditory,001,180,0,0.0,0
mindo275,old,placebo,motor,001,180,20,11.1111,20
mindo275,old,placebo,visual,001,180,6,3.3333,6
mindo278,old,placebo,auditory,001,180,8,4.4444,8
mindo278,old,placebo,motor,001,180,5,2.7778,5
mindo278,old,placebo,visual,001,180,23,12.7778,23
mindo280,old,placebo,auditory,001,180,0,0.0,0
mindo280,old,placebo,motor,001,180,1,0.5556,1
mindo280,old,placebo,visual,001,180,1,0.5556,1
mindo281,old,placebo,auditory,001,180,16,8.8889,16
mindo281,old,placebo,motor,001,180,6,3.3333,6
mindo281,old,placebo,visual,001,180,14,7.7778,14
mindo282,old,placebo,auditory,001,180,6,3.3333,6
mindo282,old,placebo,motor,001,180,15,8.3333,15
mindo282,old,placebo,visual,001,180,14,7.7778,14
mindo292,old,placebo,auditory,001,180,0,0.0,0
mindo292,old,placebo,motor,001,180,1,0.5556,1
mindo292,old,placebo,visual,001,180,1,0.5556,1
mindo295,old,placebo,auditory,001,180,0,0.0,0
mindo295,old,placebo,motor,001,180,0,0.0,0
mindo295,old,placebo,visual,001,180,0,0.0,0
mindo297,old,placebo,auditory,001,180,0,0.0,0
mindo297,old,placebo,motor,001,180,1,0.5556,1
mindo297,old,placebo,visual,001,180,0,0.0,0
mindo299,old,placebo,auditory,001,180,0,0.0,0
mindo299,old,placebo,motor,001,180,0,0.0,0
mindo299,old,placebo,visual,001,180,0,0.0,0
mindo303,old,placebo,auditory,001,180,10,5.5556,10
mindo303,old,placebo,memory,001,183,37,20.2186,
mindo303,old,placebo,memory,002,180,35,19.4444,
mindo303,old,placebo,motor,001,180,5,2.7778,5
mindo303,old,placebo,visual,001,180,6,3.3333,6
mindo304,old,placebo,auditory,001,180,1,0.5556,1
mindo304,old,placebo,motor,001,180,4,2.2222,4
mindo304,old,placebo,visual,001,180,2,1.1111,2
mindo306,old,placebo,auditory,001,180,9,5.0,9
mindo306,old,placebo,motor,001,180,16,8.8889,16
mindo306,old,placebo,visual,001,180,14,7.7778,14
mindo308,old,placebo,auditory,001,180,7,3.8889,7
mindo308,old,placebo,motor,001,180,9,5.0,9
mindo308,old,placebo,visual,001,180,6,3.3333,6
mindo311,old,placebo,auditory,001,180,0,0.0,0
mindo311,old,placebo,motor,001,180,4,2.2222,4
mindo311,old,placebo,visual,001,180,2,1.1111,2
mindo314,old,placebo,auditory,001,180,7,3.8889,7
mindo314,old,placebo,memory,001,183,9,4.918,
mindo314,old,placebo,memory,002,180,13,7.2222,
mindo314,old,placebo,motor,001,180,19,10.5556,19
mindo314,old,placebo,visual,001,180,4,2.2222,4
mindo315,old,placebo,auditory,001,180,0,0.0,0
mindo315,old,placebo,memory,001,183,0,0.0,
mindo315,old,placebo,memory,002,180,0,0.0,
mindo315,old,placebo,motor,001,180,1,0.5556,1
mindo315,old,placebo,visual,001,180,0,0.0,0
mindo317,old,placebo,auditory,001,180,7,3.8889,7
mindo317,old,placebo,memory,001,183,16,8.7432,
mindo317,old,placebo,memory,002,180,35,19.4444,
mindo317,old,placebo,motor,001,180,29,16.1111,29
mindo317,old,placebo,visual,001,180,25,13.8889,25
mindo320,old,placebo,auditory,001,180,0,0.0,0
mindo320,old,placebo,memory,001,183,0,0.0,
mindo320,old,placebo,memory,002,180,0,0.0,
mindo320,old,placebo,motor,001,180,0,0.0,0
mindo320,old,placebo,visual,001,180,0,0.0,0
mindo326,old,placebo,memory,001,183,1,0.5464,
mindo326,old,placebo,memory,002,180,2,1.1111,
mindo326,old,placebo,motor,001,180,3,1.6667,3
mindo326,old,placebo,visual,001,180,11,6.1111,11
mindo328,old,placebo,auditory,001,180,0,0.0,0
mindo328,old,placebo,memory,001,183,0,0.0,
mindo328,old,placebo,memory,002,180,2,1.1111,
mindo328,old,placebo,memory_13,001,183,0,0.0,
mindo328,old,placebo,memory_13,002,180,1,0.5556,
mindo328,old,placebo,motor,001,180,0,0.0,0
mindo328,old,placebo,visual,001,180,0,0.0,0
mindo330,old,placebo,auditory,001,180,12,6.6667,12
mindo330,old,placebo,memory,001,183,20,10.929,
mindo330,old,placebo,memory,002,180,8,4.4444,
mindo330,old,placebo,motor,001,180,15,8.3333,15
mindo330,old,placebo,visual,001,180,12,6.6667,12
mindo331,old,placebo,auditory,001,180,4,2.2222,4
mindo331,old,placebo,memory,001,183,7,3.8251,
mindo331,old,placebo,memory,002,180,0,0.0,
mindo331,old,placebo,motor,001,180,6,3.3333,6
mindo331,old,placebo,visual,001,180,17,9.4444,17
mindo332,old,placebo,auditory,001,180,0,0.0,0
mindo332,old,placebo,memory,001,183,4,2.1858,
mindo332,old,placebo,memory,002,180,2,1.1111,
mindo332,old,placebo,motor,001,180,4,2.2222,4
mindo332,old,placebo,visual,001,180,8,4.4444,8
mindo333,old,placebo,auditory,001,180,0,0.0,0
mindo333,old,placebo,memory,001,183,0,0.0,
mindo333,old,placebo,memory,002,180,0,0.0,
mindo333,old,placebo,memory_13,001,183,0,0.0,
mindo333,old,placebo,memory_13,002,180,0,0.0,
mindo333,old,placebo,motor,001,180,4,2.2222,4
mindo333,old,placebo,visual,001,180,3,1.6667,3
mindo334,old,placebo,auditory,001,180,0,0.0,0
mindo334,old,placebo,memory,001,183,1,0.5464,
mindo334,old,placebo,memory,002,180,0,0.0,
mindo334,old,placebo,motor,001,180,2,1.1111,2
mindo334,old,placebo,visual,001,180,2,1.1111,2
mindo335,old,placebo,auditory,001,180,1,0.5556,1
mindo335,old,placebo,memory,001,183,0,0.0,
mindo335,old,placebo,memory,002,180,3,1.6667,
mindo335,old,placebo,motor,001,180,22,12.2222,22
mindo335,old,placebo,visual,001,180,13,7.2222,13
mindo337,old,placebo,auditory,001,180,17,9.4444,17
mindo337,old,placebo,memory,001,183,25,13.6612,
mindo337,old,placebo,memory,002,180,21,11.6667,
mindo337,old,placebo,memory_13,001,183,18,9.8361,
mindo337,old,placebo,memory_13,002,180,18,10.0,
mindo337,old,placebo,motor,001,180,62,34.4444,62
mindo337,old,placebo,visual,001,180,11,6.1111,11
mindo338,old,placebo,auditory,001,180,4,2.2222,4
mindo338,old,placebo,memory,001,183,47,25.6831,
mindo338,old,placebo,memory,002,180,45,25.0,
mindo338,old,placebo,motor,001,180,17,9.4444,17
mindo338,old,placebo,visual,001,180,14,7.7778,14
mindo339,old,placebo,auditory,001,180,1,0.5556,1
mindo339,old,placebo,memory,001,183,12,6.5574,
mindo339,old,placebo,memory,002,180,32,17.7778,
mindo339,old,placebo,motor,001,180,5,2.7778,5
mindo339,old,placebo,visual,001,180,3,1.6667,3
mindo340,old,placebo,auditory,001,180,3,1.6667,3
mindo340,old,placebo,memory,001,183,7,3.8251,
mindo340,old,placebo,memory,002,180,1,0.5556,
mindo340,old,placebo,motor,001,180,21,11.6667,21
mindo340,old,placebo,visual,001,180,6,3.3333,6
mindo341,old,placebo,auditory,001,180,28,15.5556,28
mindo341,old,placebo,memory,001,183,3,1.6393,
mindo341,old,placebo,memory,002,180,5,2.7778,
mindo341,old,placebo,motor,001,180,87,48.3333,87
mindo341,old,placebo,visual,001,180,14,7.7778,14
mindo342,old,placebo,auditory,001,180,1,0.5556,1
mindo342,old,placebo,memory,001,183,0,0.0,
mindo342,old,placebo,memory,002,180,2,1.1111,
mindo342,old,placebo,motor,001,180,4,2.2222,4
mindo342,old,placebo,visual,001,180,10,5.5556,10
mindo343,old,placebo,auditory,001,180,32,17.7778,32
mindo343,old,placebo,memory,001,183,53,28.9617,
mindo343,old,placebo,memory,002,180,56,31.1111,
mindo343,old,placebo,motor,001,180,23,12.7778,23
mindo343,old,placebo,visual,001,180,34,18.8889,34
mindo344,old,placebo,auditory,001,180,0,0.0,0
mindo344,old,placebo,memory,001,183,0,0.0,
mindo344,old,placebo,memory,002,180,4,2.2222,
mindo344,old,placebo,motor,001,180,4,2.2222,4
mindo344,old,placebo,visual,001,180,9,5.0,9
mindo346,old,placebo,auditory,001,180,0,0.0,0
mindo346,old,placebo,memory,001,183,6,3.2787,
mindo346,old,placebo,memory,002,180,2,1.1111,
mindo346,old,placebo,motor,001,180,5,2.7778,5
mindo346,old,placebo,visual,001,180,2,1.1111,2
mindo347,old,placebo,auditory,001,180,0,0.0,0
mindo347,old,placebo,memory,001,183,6,3.2787,
mindo347,old,placebo,memory,002,180,2,1.1111,
mindo347,old,placebo,motor,001,180,0,0.0,0
mindo347,old,placebo,visual,001,180,0,0.0,0
mindo348,old,placebo,auditory,001,180,3,1.6667,3
mindo348,old,placebo,memory,001,183,9,4.918,
mindo348,old,placebo,memory,002,180,11,6.1111,
mindo348,old,placebo,motor,001,180,5,2.7778,5
mindo348,old,placebo,visual,001,180,1,0.5556,1
mindo349,old,placebo,auditory,001,180,3,1.6667,3
mindo349,old,placebo,memory,001,183,7,3.8251,
mindo349,old,placebo,memory,002,180,2,1.1111,
mindo349,old,placebo,motor,001,180,34,18.8889,34
mindo349,old,placebo,visual,001,180,8,4.4444,8
mindo350,old,placebo,auditory,001,180,1,0.5556,1
mindo350,old,placebo,memory,001,183,5,2.7322,
mindo350,old,placebo,memory,002,180,0,0.0,
mindo350,old,placebo,motor,001,180,3,1.6667,3
mindo350,old,placebo,visual,001,180,1,0.5556,1
mindo352,old,placebo,auditory,001,180,2,1.1111,2
mindo352,old,placebo,memory,001,183,1,0.5464,
mindo352,old,placebo,memory,002,180,4,2.2222,
mindo352,old,placebo,motor,001,180,9,5.0,9
mindo352,old,placebo,visual,001,180,17,9.4444,17
mindo353,old,placebo,auditory,001,180,0,0.0,0
mindo353,old,placebo,memory,001,183,0,0.0,
mindo353,old,placebo,memory,002,180,0,0.0,
mindo353,old,placebo,motor,001,180,0,0.0,0
mindo353,old,placebo,visual,001,180,0,0.0,0
mindo354,old,placebo,auditory,001,180,1,0.5556,1
mindo354,old,placebo,memory,001,183,0,0.0,
mindo354,old,placebo,memory,002,180,0,0.0,
mindo354,old,placebo,motor,001,180,4,2.2222,4
mindo354,old,placebo,visual,001,180,1,0.5556,1
mindo356,old,placebo,auditory,001,180,0,0.0,0
mindo356,old,placebo,memory,001,183,0,0.0,
mindo356,old,placebo,memory,002,180,0,0.0,
mindo356,old,placebo,motor,001,180,1,0.5556,1
mindo356,old,placebo,visual,001,180,3,1.6667,3
mindo357,old,placebo,auditory,001,180,1,0.5556,1
mindo357,old,placebo,memory,001,183,2,1.0929,
mindo357,old,placebo,memory,002,180,0,0.0,
mindo357,old,placebo,motor,001,180,0,0.0,0
mindo357,old,placebo,visual,001,180,5,2.7778,5
mindo359,old,placebo,auditory,001,180,1,0.5556,1
mindo359,old,placebo,memory,001,183,0,0.0,
mindo359,old,placebo,memory,002,180,14,7.7778,
mindo359,old,placebo,motor,001,180,2,1.1111,2
mindo359,old,placebo,visual,001,180,5,2.7778,5
mindo362,old,placebo,auditory,001,180,0,0.0,0
mindo362,old,placebo,memory,001,183,0,0.0,
mindo362,old,placebo,memory,002,180,0,0.0,
mindo362,old,placebo,motor,001,180,0,0.0,0
mindo362,old,placebo,visual,001,180,0,0.0,0
mindo364,old,placebo,auditory,001,180,0,0.0,0
mindo364,old,placebo,memory,001,183,0,0.0,
mindo364,old,placebo,memory,002,180,0,0.0,
mindo364,old,placebo,motor,001,180,0,0.0,0
mindo364,old,placebo,visual,001,180,2,1.1111,2
mindo365,old,placebo,auditory,001,180,4,2.2222,4
mindo365,old,placebo,memory,001,183,4,2.1858,
mindo365,old,placebo,memory,002,180,2,1.1111,
mindo365,old,placebo,motor,001,180,5,2.7778,5
mindo365,old,placebo,visual,001,180,1,0.5556,1
mindo369,old,placebo,auditory,001,180,0,0.0,0
mindo369,old,placebo,memory,001,183,0,0.0,
mindo369,old,placebo,memory,002,180,0,0.0,
mindo369,old,placebo,motor,001,180,2,1.1111,2
mindo369,old,placebo,visual,001,180,0,0.0,0
mindo370,old,placebo,auditory,001,180,0,0.0,0
mindo370,old,placebo,memory,001,183,1,0.5464,
mindo370,old,placebo,memory,002,180,2,1.1111,
mindo370,old,placebo,motor,001,180,28,15.5556,28
mindo370,old,placebo,visual,001,180,4,2.2222,4
mindo374,old,placebo,auditory,001,180,0,0.0,0
mindo374,old,placebo,memory,001,183,3,1.6393,
mindo374,old,placebo,memory,002,180,0,0.0,
mindo374,old,placebo,motor,001,180,2,1.1111,2
mindo374,old,placebo,visual,001,180,5,2.7778,5
mindo375,old,placebo,auditory,001,180,0,0.0,0
mindo375,old,placebo,memory,001,183,6,3.2787,
mindo375,old,placebo,memory,002,180,4,2.2222,
mindo375,old,placebo,motor,001,180,6,3.3333,6
mindo375,old,placebo,visual,001,180,3,1.6667,3
mindo376,old,placebo,auditory,001,180,4,2.2222,4
mindo376,old,placebo,memory,001,183,6,3.2787,
mindo376,old,placebo,memory,002,180,10,5.5556,
mindo376,old,placebo,motor,001,180,8,4.4444,8
mindo376,old,placebo,visual,001,180,8,4.4444,8
mindo379,old,placebo,auditory,001,180,0,0.0,0
mindo379,old,placebo,motor,001,180,15,8.3333,15
mindo379,old,placebo,visual,001,180,3,1.6667,3
mindo380,old,placebo,auditory,001,180,0,0.0,0
mindo380,old,placebo,memory,001,183,0,0.0,
mindo380,old,placebo,memory,002,180,0,0.0,
mindo380,old,placebo,motor,001,180,0,0.0,0
mindo380,old,placebo,visual,001,180,0,0.0,0
mindo384,old,placebo,auditory,001,180,0,0.0,0
mindo384,old,placebo,memory,001,183,6,3.2787,
mindo384,old,placebo,memory,002,180,0,0.0,
mindo384,old,placebo,motor,001,180,6,3.3333,6
mindo384,old,placebo,visual,001,180,1,0.5556,1
mindo386,old,placebo,auditory,001,180,1,0.5556,1
mindo386,old,placebo,memory,001,183,11,6.0109,
mindo386,old,placebo,memory,002,180,3,1.6667,
mindo386,old,placebo,motor,001,180,5,2.7778,5
mindo386,old,placebo,visual,001,180,6,3.3333,6
mindo390,old,placebo,auditory,001,180,2,1.1111,2
mindo390,old,placebo,memory,001,183,7,3.8251,
mindo390,old,placebo,memory,002,180,9,5.0,
mindo390,old,placebo,motor,001,180,27,15.0,27
mindo390,old,placebo,visual,001,180,17,9.4444,17
mindo392,old,placebo,auditory,001,180,1,0.5556,1
mindo392,old,placebo,memory,001,183,1,0.5464,
mindo392,old,placebo,memory,002,180,4,2.2222,
mindo392,old,placebo,motor,001,180,6,3.3333,6
mindo392,old,placebo,visual,001,180,0,0.0,0
mindo393,old,placebo,auditory,001,180,10,5.5556,10
mindo393,old,placebo,motor,001,180,22,12.2222,22
mindo393,old,placebo,visual,001,180,6,3.3333,6
mindo397,old,placebo,auditory,001,180,5,2.7778,5
mindo397,old,placebo,memory,001,183,8,4.3716,
mindo397,old,placebo,memory,002,180,32,17.7778,
mindo397,old,placebo,motor,001,180,17,9.4444,17
mindo397,old,placebo,visual,001,180,6,3.3333,6
mindo398,old,placebo,auditory,001,180,2,1.1111,2
mindo398,old,placebo,memory,001,183,2,1.0929,
mindo398,old,placebo,memory,002,180,11,6.1111,
mindo398,old,placebo,motor,001,180,32,17.7778,32
mindo398,old,placebo,visual,001,180,26,14.4444,26
mindo400,old,placebo,auditory,001,180,28,15.5556,28
mindo400,old,placebo,memory,001,183,11,6.0109,
mindo400,old,placebo,memory,002,180,21,11.6667,
mindo400,old,placebo,motor,001,180,14,7.7778,14
mindo400,old,placebo,visual,001,180,31,17.2222,31
mindo404,old,placebo,auditory,001,180,0,0.0,0
mindo404,old,placebo,memory,001,183,0,0.0,
mindo404,old,placebo,memory,002,180,1,0.5556,
mindo404,old,placebo,motor,001,180,0,0.0,0
mindo404,old,placebo,visual,001,180,0,0.0,0
mindo405,old,placebo,auditory,001,180,0,0.0,0
mindo405,old,placebo,memory,001,183,0,0.0,
mindo405,old,placebo,memory,002,180,0,0.0,
mindo405,old,placebo,motor,001,180,3,1.6667,3
mindo405,old,placebo,visual,001,180,0,0.0,0
mindo412,old,placebo,auditory,001,180,2,1.1111,2
mindo412,old,placebo,memory,001,183,3,1.6393,
mindo412,old,placebo,memory,002,180,2,1.1111,
mindo412,old,placebo,motor,001,180,0,0.0,0
mindo412,old,placebo,visual,001,180,2,1.1111,2
mindo413,old,placebo,auditory,001,180,2,1.1111,2
mindo413,old,placebo,motor,001,180,10,5.5556,10
mindo413,old,placebo,visual,001,180,1,0.5556,1
mindo414,old,placebo,auditory,001,180,0,0.0,0
mindo414,old,placebo,motor,001,180,0,0.0,0
mindo414,old,placebo,visual,001,180,2,1.1111,2
mindo415,old,placebo,auditory,001,180,5,2.7778,5
mindo415,old,placebo,motor,001,180,12,6.6667,12
mindo415,old,placebo,visual,001,180,22,12.2222,22
mindo416,old,placebo,auditory,001,180,1,0.5556,1
mindo416,old,placebo,motor,001,180,18,10.0,18
mindo416,old,placebo,visual,001,180,42,23.3333,42
mindo418,old,placebo,auditory,001,180,0,0.0,0
mindo418,old,placebo,motor,001,180,1,0.5556,1
mindo418,old,placebo,visual,001,180,7,3.8889,7
mindo419,old,placebo,auditory,001,180,2,1.1111,2
mindo419,old,placebo,motor,001,180,5,2.7778,5
mindo419,old,placebo,visual,001,180,4,2.2222,4
mindo420,old,placebo,auditory,001,180,3,1.6667,3
mindo420,old,placebo,motor,001,180,6,3.3333,6
mindo420,old,placebo,visual,001,180,0,0.0,0
mindo421,old,placebo,auditory,001,180,0,0.0,0
mindo421,old,placebo,motor,001,180,0,0.0,0
mindo421,old,placebo,visual,001,180,1,0.5556,1
mindo422,old,placebo,auditory,001,180,8,4.4444,8
mindo422,old,placebo,motor,001,180,13,7.2222,13
mindo422,old,placebo,visual,001,180,14,7.7778,14
mindo423,old,placebo,auditory,001,180,0,0.0,0
mindo423,old,placebo,motor,001,180,1,0.5556,1
mindo423,old,placebo,visual,001,180,0,0.0,0
mindo424,old,placebo,auditory,001,180,0,0.0,0
mindo424,old,placebo,motor,001,180,0,0.0,0
mindo424,old,placebo,visual,001,180,2,1.1111,2
mindo425,old,placebo,auditory,001,180,0,0.0,0
mindo425,old,placebo,motor,001,180,10,5.5556,10
mindo425,old,placebo,visual,001,180,18,10.0,18
mindo432,old,placebo,auditory,001,180,2,1.1111,2
mindo432,old,placebo,motor,001,180,38,21.1111,38
mindo432,old,placebo,visual,001,180,41,22.7778,41
mindo440,old,placebo,auditory,001,180,2,1.1111,2
mindo440,old,placebo,motor,001,180,10,5.5556,10
mindo440,old,placebo,visual,001,180,5,2.7778,5
mindo442,old,placebo,auditory,001,180,2,1.1111,2
mindo442,old,placebo,motor,001,180,3,1.6667,3
mindo442,old,placebo,visual,001,180,0,0.0,0
mindo443,old,placebo,auditory,001,180,0,0.0,0
mindo443,old,placebo,motor,001,180,6,3.3333,6
mindo443,old,placebo,visual,001,180,4,2.2222,4
mindo445,old,placebo,auditory,001,180,1,0.5556,1
mindo445,old,placebo,motor,001,180,9,5.0,9
mindo445,old,placebo,visual,001,180,19,10.5556,19
mindo446,old,placebo,auditory,001,180,1,0.5556,1
mindo446,old,placebo,motor,001,180,9,5.0,9
mindo446,old,placebo,visual,001,180,5,2.7778,5
mindo448,old,placebo,motor,001,180,21,11.6667,21
mindo448,old,placebo,visual,001,180,33,18.3333,33
mindo450,old,placebo,auditory,001,180,0,0.0,0
mindo450,old,placebo,motor,001,180,6,3.3333,6
mindo450,old,placebo,visual,001,180,0,0.0,0
mindo451,old,placebo,auditory,001,180,58,32.2222,58
mindo451,old,placebo,motor,001,180,14,7.7778,14
mindo451,old,placebo,visual,001,180,24,13.3333,24
mindo452,old,placebo,auditory,001,180,3,1.6667,3
mindo452,old,placebo,motor,001,180,4,2.2222,4
mindo452,old,placebo,visual,001,180,3,1.6667,3
mindo453,old,placebo,auditory,001,180,1,0.5556,1
mindo453,old,placebo,motor,001,180,0,0.0,0
mindo453,old,placebo,visual,001,180,0,0.0,0
mindy101,young,drug,auditory,001,180,0,0.0,0
mindy101,young,drug,motor,001,180,2,1.1111,2
mindy101,young,drug,tactile,001,180,0,0.0,
mindy101,young,drug,visual,001,180,0,0.0,0
mindy101,young,placebo,auditory,001,180,0,0.0,0
mindy101,young,placebo,motor,001,180,0,0.0,0
mindy101,young,placebo,tactile,001,180,0,0.0,
mindy101,young,placebo,visual,001,180,0,0.0,0
mindy102,young,drug,auditory,001,180,0,0.0,0
mindy102,young,drug,motor,001,180,3,1.6667,3
mindy102,young,drug,tactile,001,180,0,0.0,
mindy102,young,drug,visual,001,180,1,0.5556,1
mindy102,young,placebo,auditory,001,180,0,0.0,0
mindy102,young,placebo,motor,001,180,1,0.5556,1
mindy102,young,placebo,tactile,001,180,0,0.0,
mindy102,young,placebo,visual,001,180,12,6.6667,12
mindy103,young,drug,auditory,001,180,17,9.4444,17
mindy103,young,drug,motor,001,180,32,17.7778,32
mindy103,young,drug,tactile,001,180,47,26.1111,
mindy103,young,drug,visual,001,180,19,10.5556,19
mindy103,young,placebo,auditory,001,180,2,1.1111,2
mindy103,young,placebo,motor,001,180,8,4.4444,8
mindy103,young,placebo,tactile,001,180,1,0.5556,
mindy103,young,placebo,visual,001,180,4,2.2222,4
mindy104,young,drug,auditory,001,180,0,0.0,0
mindy104,young,drug,motor,001,180,16,8.8889,16
mindy104,young,drug,tactile,001,180,3,1.6667,
mindy104,young,drug,visual,001,180,25,13.8889,25
mindy104,young,placebo,auditory,001,180,0,0.0,0
mindy104,young,placebo,motor,001,180,0,0.0,0
mindy104,young,placebo,tactile,001,180,1,0.5556,
mindy104,young,placebo,visual,001,180,0,0.0,0
mindy106,young,drug,auditory,001,180,0,0.0,0
mindy106,young,drug,motor,001,180,1,0.5556,1
mindy106,young,drug,tactile,001,180,0,0.0,
mindy106,young,drug,visual,001,180,3,1.6667,3
mindy106,young,placebo,auditory,001,180,0,0.0,0
mindy106,young,placebo,motor,001,180,0,0.0,0
mindy106,young,placebo,tactile,001,180,0,0.0,
mindy106,young,placebo,visual,001,180,0,0.0,0
mindy110,young,drug,auditory,001,180,0,0.0,0
mindy110,young,drug,motor,001,180,0,0.0,0
mindy110,young,drug,tactile,001,180,3,1.6667,
mindy110,young,drug,visual,001,180,1,0.5556,1
mindy110,young,placebo,auditory,001,180,0,0.0,0
mindy110,young,placebo,motor,001,180,0,0.0,0
mindy110,young,placebo,tactile,001,180,0,0.0,
mindy110,young,placebo,visual,001,180,0,0.0,0
mindy111,young,drug,auditory,001,180,1,0.5556,1
mindy111,young,drug,motor,001,180,24,13.3333,24
mindy111,young,drug,tactile,001,180,1,0.5556,
mindy111,young,drug,visual,001,180,23,12.7778,23
mindy111,young,placebo,auditory,001,180,0,0.0,0
mindy111,young,placebo,motor,001,180,1,0.5556,1
mindy111,young,placebo,tactile,001,180,3,1.6667,
mindy111,young,placebo,visual,001,180,3,1.6667,3
mindy112,young,drug,auditory,001,180,0,0.0,0
mindy112,young,drug,motor,001,180,0,0.0,0
mindy112,young,drug,tactile,001,180,0,0.0,
mindy112,young,drug,visual,001,180,0,0.0,0
mindy112,young,placebo,auditory,001,180,0,0.0,0
mindy112,young,placebo,motor,001,180,0,0.0,0
mindy112,young,placebo,tactile,001,180,0,0.0,
mindy112,young,placebo,visual,001,180,0,0.0,0
mindy113,young,drug,auditory,001,180,2,1.1111,2
mindy113,young,drug,motor,001,180,0,0.0,0
mindy113,young,drug,tactile,001,180,0,0.0,
mindy113,young,drug,visual,001,180,0,0.0,0
mindy113,young,placebo,auditory,001,180,0,0.0,0
mindy113,young,placebo,motor,001,180,1,0.5556,1
mindy113,young,placebo,tactile,001,180,11,6.1111,
mindy113,young,placebo,visual,001,180,0,0.0,0
mindy117,young,drug,auditory,001,180,10,5.5556,10
mindy117,young,drug,motor,001,180,9,5.0,9
mindy117,young,drug,tactile,001,180,1,0.5556,
mindy117,young,drug,visual,001,180,13,7.2222,13
mindy117,young,placebo,auditory,001,180,0,0.0,0
mindy117,young,placebo,motor,001,180,0,0.0,0
mindy117,young,placebo,tactile,001,180,0,0.0,
mindy117,young,placebo,visual,001,180,0,0.0,0
mindy119,young,drug,auditory,001,180,2,1.1111,2
mindy119,young,drug,motor,001,180,7,3.8889,7
mindy119,young,drug,tactile,001,180,5,2.7778,
mindy119,young,drug,visual,001,180,9,5.0,9
mindy119,young,placebo,auditory,001,180,10,5.5556,10
mindy119,young,placebo,motor,001,180,5,2.7778,5
mindy119,young,placebo,tactile,001,180,1,0.5556,
mindy119,young,placebo,visual,001,180,4,2.2222,4
mindy122,young,drug,auditory,001,180,0,0.0,0
mindy122,young,drug,motor,001,180,5,2.7778,5
mindy122,young,drug,tactile,001,180,0,0.0,
mindy122,young,drug,visual,001,180,2,1.1111,2
mindy125,young,drug,auditory,001,180,0,0.0,0
mindy125,young,drug,motor,001,180,1,0.5556,1
mindy125,young,drug,tactile,001,180,1,0.5556,
mindy125,young,drug,visual,001,180,4,2.2222,4
mindy125,young,placebo,auditory,001,180,0,0.0,0
mindy125,young,placebo,motor,001,180,0,0.0,0
mindy125,young,placebo,tactile,001,180,0,0.0,
mindy125,young,placebo,visual,001,180,0,0.0,0
mindy126,young,drug,auditory,001,180,1,0.5556,1
mindy126,young,drug,motor,001,180,3,1.6667,3
mindy126,young,drug,tactile,001,180,4,2.2222,
mindy126,young,drug,visual,001,180,3,1.6667,3
mindy126,young,placebo,auditory,001,180,0,0.0,0
mindy126,young,placebo,motor,001,180,21,11.6667,21
mindy126,young,placebo,tactile,001,180,0,0.0,
mindy126,young,placebo,visual,001,180,5,2.7778,5
mindy128,young,drug,auditory,001,180,0,0.0,0
mindy128,young,drug,motor,001,180,0,0.0,0
mindy128,young,drug,tactile,001,180,0,0.0,
mindy128,young,drug,visual,001,180,1,0.5556,1
mindy128,young,placebo,auditory,001,180,0,0.0,0
mindy128,young,placebo,motor,001,180,1,0.5556,1
mindy128,young,placebo,tactile,001,180,0,0.0,
mindy128,young,placebo,visual,001,180,0,0.0,0
mindy131,young,drug,auditory,001,180,0,0.0,0
mindy131,young,drug,motor,001,180,0,0.0,0
mindy131,young,drug,tactile,001,180,0,0.0,
mindy131,young,drug,visual,001,180,1,0.5556,1
mindy131,young,placebo,auditory,001,180,5,2.7778,5
mindy131,young,placebo,motor,001,180,0,0.0,0
mindy131,young,placebo,tactile,001,180,0,0.0,
mindy131,young,placebo,visual,001,180,0,0.0,0
mindy134,young,drug,auditory,001,180,2,1.1111,2
mindy134,young,drug,motor,001,180,2,1.1111,2
mindy134,young,drug,tactile,001,180,14,7.7778,
mindy134,young,drug,visual,001,180,8,4.4444,8
mindy134,young,placebo,auditory,001,180,3,1.6667,3
mindy134,young,placebo,motor,001,180,26,14.4444,26
mindy134,young,placebo,tactile,001,180,0,0.0,
mindy134,young,placebo,visual,001,180,9,5.0,9
mindy135,young,drug,auditory,001,180,0,0.0,0
mindy135,young,drug,motor,001,180,0,0.0,0
mindy135,young,drug,tactile,001,180,0,0.0,
mindy135,young,drug,visual,001,180,1,0.5556,1
mindy135,young,placebo,auditory,001,180,1,0.5556,1
mindy135,young,placebo,motor,001,180,2,1.1111,2
mindy135,young,placebo,tactile,001,180,0,0.0,
mindy135,young,placebo,visual,001,180,2,1.1111,2
mindy137,young,drug,auditory,001,180,0,0.0,0
mindy137,young,drug,motor,001,180,0,0.0,0
mindy137,young,drug,tactile,001,180,0,0.0,
mindy137,young,drug,visual,001,180,0,0.0,0
mindy137,young,placebo,auditory,001,180,1,0.5556,1
mindy137,young,placebo,motor,001,180,0,0.0,0
mindy137,young,placebo,tactile,001,180,0,0.0,
mindy137,young,placebo,visual,001,180,0,0.0,0
mindy138,young,drug,auditory,001,180,0,0.0,0
mindy138,young,drug,motor,001,180,1,0.5556,1
mindy138,young,drug,tactile,001,180,0,0.0,
mindy138,young,drug,visual,001,180,3,1.6667,3
mindy138,young,placebo,auditory,001,180,0,0.0,0
mindy138,young,placebo,motor,001,180,0,0.0,0
mindy138,young,placebo,tactile,001,180,0,0.0,
mindy138,young,placebo,visual,001,180,0,0.0,0
mindy145,young,drug,auditory,001,180,1,0.5556,1
mindy145,young,drug,motor,001,180,13,7.2222,13
mindy145,young,drug,tactile,001,180,2,1.1111,
mindy145,young,drug,visual,001,180,6,3.3333,6
mindy145,young,placebo,auditory,001,180,1,0.5556,1
mindy145,young,placebo,motor,001,180,2,1.1111,2
mindy145,young,placebo,tactile,001,180,0,0.0,
mindy145,young,placebo,visual,001,180,5,2.7778,5
mindy147,young,drug,auditory,001,180,0,0.0,0
mindy147,young,drug,motor,001,180,6,3.3333,6
mindy147,young,drug,tactile,001,180,8,4.4444,
mindy147,young,drug,visual,001,180,3,1.6667,3
mindy147,young,placebo,auditory,001,180,0,0.0,0
mindy147,young,placebo,motor,001,180,32,17.7778,32
mindy147,young,placebo,tactile,001,180,0,0.0,
mindy147,young,placebo,visual,001,180,36,20.0,36
mindy167,young,placebo,auditory,001,180,0,0.0,0
mindy167,young,placebo,motor,001,180,0,0.0,0
mindy167,young,placebo,tactile,001,180,0,0.0,
mindy167,young,placebo,visual,001,180,0,0.0,0
mindy171,young,placebo,auditory,001,180,0,0.0,0
mindy171,young,placebo,motor,001,180,3,1.6667,3
mindy171,young,placebo,tactile,001,180,7,3.8889,
mindy171,young,placebo,visual,001,180,2,1.1111,2
mindy179,young,placebo,auditory,001,180,0,0.0,0
mindy179,young,placebo,motor,001,180,5,2.7778,5
mindy179,young,placebo,tactile,001,180,0,0.0,
mindy179,young,placebo,visual,001,180,0,0.0,0
mindy181,young,placebo,auditory,001,180,0,0.0,0
mindy181,young,placebo,motor,001,180,0,0.0,0
mindy181,young,placebo,tactile,001,180,2,1.1111,
mindy181,young,placebo,visual,001,180,3,1.6667,3
mindy183,young,placebo,auditory,001,180,3,1.6667,3
mindy183,young,placebo,motor,001,180,5,2.7778,5
mindy183,young,placebo,tactile,001,180,7,3.8889,
mindy183,young,placebo,visual,001,180,4,2.2222,4
mindy184,young,placebo,auditory,001,180,0,0.0,0
mindy184,young,placebo,motor,001,180,0,0.0,0
mindy184,young,placebo,tactile,001,180,0,0.0,
mindy184,young,placebo,visual,001,180,0,0.0,0
mindy185,young,placebo,auditory,001,180,0,0.0,0
mindy185,young,placebo,motor,001,180,0,0.0,0
mindy185,young,placebo,visual,001,180,0,0.0,0
mindy187,young,placebo,auditory,001,180,16,8.8889,16
mindy187,young,placebo,motor,001,180,5,2.7778,5
mindy187,young,placebo,visual,001,180,3,1.6667,3
mindy188,young,placebo,auditory,001,180,19,10.5556,19
mindy188,young,placebo,motor,001,180,24,13.3333,24
mindy188,young,placebo,visual,001,180,16,8.8889,16
mindy191,young,placebo,auditory,001,180,0,0.0,0
mindy191,young,placebo,motor,001,180,0,0.0,0
mindy191,young,placebo,visual,001,180,0,0.0,0
mindy192,young,placebo,auditory,001,180,1,0.5556,1
mindy192,young,placebo,motor,001,180,23,12.7778,23
mindy192,young,placebo,visual,001,180,12,6.6667,12
mindy193,young,placebo,auditory,001,180,0,0.0,0
mindy193,young,placebo,motor,001,180,2,1.1111,2
mindy193,young,placebo,visual,001,180,1,0.5556,1
mindy194,young,placebo,auditory,001,180,0,0.0,0
mindy194,young,placebo,motor,001,180,0,0.0,0
mindy194,young,placebo,visual,001,180,0,0.0,0
mindy196,young,placebo,auditory,001,180,6,3.3333,6
mindy196,young,placebo,motor,001,180,12,6.6667,12
mindy196,young,placebo,visual,001,180,4,2.2222,4
mindy197,young,placebo,auditory,001,180,2,1.1111,2
mindy197,young,placebo,motor,001,180,0,0.0,0
mindy197,young,placebo,visual,001,180,4,2.2222,4
mindy198,young,placebo,auditory,001,180,6,3.3333,6
mindy198,young,placebo,motor,001,180,0,0.0,0
mindy198,young,placebo,visual,001,180,0,0.0,0
mindy202,young,placebo,auditory,001,180,0,0.0,0
mindy202,young,placebo,motor,001,180,0,0.0,0
mindy202,young,placebo,visual,001,180,0,0.0,0
mindy204,young,placebo,auditory,001,180,1,0.5556,1
mindy204,young,placebo,motor,001,180,5,2.7778,5
mindy204,young,placebo,visual,001,180,0,0.0,0
mindy206,young,placebo,auditory,001,180,0,0.0,0
mindy206,young,placebo,motor,001,180,0,0.0,0
mindy206,young,placebo,visual,001,180,0,0.0,0
mindy210,young,placebo,auditory,001,180,0,0.0,0
mindy210,young,placebo,motor,001,180,0,0.0,0
mindy210,young,placebo,visual,001,180,0,0.0,0
mindy211,young,placebo,auditory,001,180,5,2.7778,5
mindy211,young,placebo,motor,001,180,22,12.2222,22
mindy211,young,placebo,visual,001,180,0,0.0,0
mindy214,young,placebo,auditory,001,180,0,0.0,0
mindy214,young,placebo,motor,001,180,0,0.0,0
mindy214,young,placebo,visual,001,180,1,0.5556,1
mindy215,young,placebo,auditory,001,180,0,0.0,0
mindy215,young,placebo,motor,001,180,1,0.5556,1
mindy215,young,placebo,visual,001,180,0,0.0,0
mindy221,young,placebo,auditory,001,180,0,0.0,0
mindy221,young,placebo,motor,001,180,0,0.0,0
mindy221,young,placebo,visual,001,180,0,0.0,0
mindy222,young,placebo,auditory,001,180,0,0.0,0
mindy222,young,placebo,motor,001,180,0,0.0,0
mindy222,young,placebo,visual,001,180,0,0.0,0
mindy223,young,placebo,auditory,001,180,0,0.0,0
mindy223,young,placebo,motor,001,180,1,0.5556,1
mindy223,young,placebo,visual,001,180,1,0.5556,1
mindy224,young,placebo,auditory,001,180,0,0.0,0
mindy224,young,placebo,motor,001,180,0,0.0,0
mindy224,young,placebo,visual,001,180,0,0.0,0
mindy226,young,placebo,auditory,001,180,0,0.0,0
mindy226,young,placebo,motor,001,180,2,1.1111,2
mindy226,young,placebo,visual,001,180,1,0.5556,1
mindy234,young,placebo,auditory,001,180,0,0.0,0
mindy234,young,placebo,motor,001,180,1,0.5556,1
mindy234,young,placebo,visual,001,180,1,0.5556,1
mindy236,young,placebo,auditory,001,180,0,0.0,0
mindy236,young,placebo,motor,001,180,3,1.6667,3
mindy236,young,placebo,visual,001,180,12,6.6667,12
mindy237,young,placebo,auditory,001,180,0,0.0,0
mindy237,young,placebo,motor,001,180,0,0.0,0
mindy237,young,placebo,visual,001,180,0,0.0,0
mindy239,young,placebo,auditory,001,180,8,4.4444,8
mindy239,young,placebo,motor,001,180,4,2.2222,4
mindy239,young,placebo,visual,001,180,16,8.8889,16
mindy240,young,placebo,auditory,001,180,0,0.0,0
mindy240,young,placebo,motor,001,180,0,0.0,0
mindy240,young,placebo,visual,001,180,1,0.5556,1
mindy243,young,placebo,auditory,001,180,1,0.5556,1
mindy243,young,placebo,motor,001,180,1,0.5556,1
mindy243,young,placebo,visual,001,180,1,0.5556,1
mindy248,young,placebo,auditory,001,180,0,0.0,0
mindy248,young,placebo,motor,001,180,1,0.5556,1
mindy248,young,placebo,visual,001,180,0,0.0,0
mindy249,young,placebo,auditory,001,180,9,5.0,9
mindy249,young,placebo,motor,001,180,1,0.5556,1
mindy249,young,placebo,visual,001,180,27,15.0,27
mindy250,young,placebo,auditory,001,180,0,0.0,0
mindy250,young,placebo,motor,001,180,0,0.0,0
mindy250,young,placebo,visual,001,180,0,0.0,0
mindy285,young,placebo,auditory,001,180,3,1.6667,3
mindy285,young,placebo,motor,001,180,2,1.1111,2
mindy285,young,placebo,visual,001,180,1,0.5556,1
mindy290,young,placebo,auditory,001,180,2,1.1111,2
mindy290,young,placebo,motor,001,180,10,5.5556,10
mindy290,young,placebo,visual,001,180,4,2.2222,4
